{"type":"FeatureCollection","features":[{"type":"Feature","properties":{"weather_zone":"COAST"},"geometry":{"type":"MultiPolygon","coordinates":[[[[-96.79759,28.26901],[-96.78926,28.2586],[-96.78428,28.24367],[-96.77679,28.24483],[-96.78444,28.2377],[-96.78332,28.23268],[-96.78523,28.22954],[-96.7958,28.2241],[-96.80091,28.22221],[-96.80448,28.22315],[-96.80935,28.22059],[-96.79872,28.27595],[-96.79759,28.26901]]],[[[-96.39038,28.38182],[-96.39073,28.37272],[-96.4072,28.34873],[-96.44285,28.31767],[-96.45228,28.31251],[-96.51939,28.28402],[-96.56057,28.26403],[-96.63201,28.22282],[-96.69331,28.18298],[-96.75218,28.1411],[-96.81289,28.09438],[-96.85305,28.06085],[-96.85369,28.0639],[-96.84713,28.0706],[-96.84408,28.08435],[-96.83765,28.09467],[-96.83774,28.09949],[-96.83086,28.108],[-96.8302,28.11088],[-96.82558,28.11216],[-96.82311,28.11531],[-96.81094,28.12335],[-96.80937,28.12654],[-96.81046,28.133],[-96.80317,28.13558],[-96.80198,28.14082],[-96.80294,28.14434],[-96.80852,28.1447],[-96.81589,28.14155],[-96.81933,28.14333],[-96.81672,28.15853],[-96.82033,28.16342],[-96.81696,28.17508],[-96.81232,28.17498],[-96.80567,28.17833],[-96.79414,28.18807],[-96.78642,28.18975],[-96.77141,28.18815],[-96.73539,28.19009],[-96.73225,28.18693],[-96.72038,28.186],[-96.71732,28.18859],[-96.71622,28.19317],[-96.70822,28.19661],[-96.70218,28.1975],[-96.69764,28.20221],[-96.69705,28.20378],[-96.69966,28.20535],[-96.70263,28.21551],[-96.68992,28.21802],[-96.67399,28.22462],[-96.65938,28.22745],[-96.65819,28.22933],[-96.6627,28.23237],[-96.65941,28.23782],[-96.6575,28.23815],[-96.65584,28.23506],[-96.65316,28.23576],[-96.65312,28.24247],[-96.64944,28.24464],[-96.65,28.25024],[-96.64848,28.25204],[-96.62907,28.26199],[-96.61625,28.26292],[-96.61573,28.26489],[-96.61848,28.267],[-96.62466,28.26663],[-96.62458,28.26902],[-96.61434,28.27133],[-96.60689,28.27522],[-96.60653,28.27723],[-96.59595,28.27731],[-96.59311,28.28063],[-96.59298,28.2829],[-96.59503,28.28371],[-96.61123,28.28013],[-96.61127,28.28142],[-96.60637,28.28422],[-96.60364,28.29255],[-96.599,28.29329],[-96.58213,28.30155],[-96.5586,28.30166],[-96.54969,28.30386],[-96.54743,28.30542],[-96.54517,28.31212],[-96.54149,28.31641],[-96.534,28.3207],[-96.46792,28.33294],[-96.45034,28.33775],[-96.44059,28.34298],[-96.44178,28.35229],[-96.4337,28.36369],[-96.43869,28.36881],[-96.44487,28.37028],[-96.47137,28.36515],[-96.47125,28.36756],[-96.46852,28.37174],[-96.45283,28.38021],[-96.44748,28.39234],[-96.42063,28.40436],[-96.41635,28.41387],[-96.42003,28.4169],[-96.45295,28.41868],[-96.51154,28.38335],[-96.55004,28.36934],[-96.5731,28.35877],[-96.5851,28.35082],[-96.62515,28.3162],[-96.62135,28.31066],[-96.61695,28.30783],[-96.61683,28.30605],[-96.6204,28.30396],[-96.62467,28.30354],[-96.62681,28.30511],[-96.62551,28.30982],[-96.62646,28.31285],[-96.6324,28.31871],[-96.65676,28.31777],[-96.66448,28.31557],[-96.66392,28.31038],[-96.6652,28.30961],[-96.68436,28.31446],[-96.6879,28.32813],[-96.70525,28.34881],[-96.70691,28.35469],[-96.70691,28.35679],[-96.70442,28.35626],[-96.70073,28.36055],[-96.69931,28.37017],[-96.69942,28.38084],[-96.70168,28.3845],[-96.7099,28.38992],[-96.7063,28.39282],[-96.70547,28.39575],[-96.70617,28.4046],[-96.71239,28.40809],[-96.72703,28.40937],[-96.72956,28.40824],[-96.74039,28.41039],[-96.74259,28.41204],[-96.74791,28.40948],[-96.75255,28.42119],[-96.75397,28.43676],[-96.75884,28.44125],[-96.78368,28.45546],[-96.79295,28.46581],[-96.79307,28.48043],[-96.79996,28.48189],[-96.80519,28.47981],[-96.82314,28.4703],[-96.82742,28.46612],[-96.8267,28.46173],[-96.82872,28.45996],[-96.82575,28.45703],[-96.81835,28.45926],[-96.81553,28.45682],[-96.81256,28.45724],[-96.8084,28.45557],[-96.80163,28.45923],[-96.80032,28.46184],[-96.79354,28.45839],[-96.79057,28.45254],[-96.7842,28.44682],[-96.78923,28.44718],[-96.79772,28.44205],[-96.79894,28.43913],[-96.80733,28.43205],[-96.81349,28.43026],[-96.81913,28.43687],[-96.82348,28.44558],[-96.82999,28.44838],[-96.83445,28.45455],[-96.83914,28.45759],[-96.84029,28.46523],[-96.84308,28.47019],[-96.84874,28.47272],[-96.84865,28.4764],[-96.85391,28.47435],[-96.85796,28.47453],[-96.86208,28.47676],[-96.86482,28.49024],[-96.87918,28.4961],[-96.88051,28.49763],[-96.88066,28.50387],[-96.88303,28.5055],[-96.89095,28.50718],[-96.89164,28.50583],[-96.89701,28.50892],[-96.90283,28.50902],[-96.90181,28.5082],[-96.90369,28.50631],[-96.90658,28.50588],[-96.91596,28.49869],[-96.91612,28.4972],[-96.91153,28.49416],[-96.90993,28.49051],[-96.91061,28.48862],[-96.91221,28.48928],[-96.9155,28.48571],[-96.92162,28.48838],[-96.92514,28.48835],[-96.9353,28.497],[-96.94708,28.50115],[-96.95056,28.50098],[-96.95316,28.50379],[-96.95595,28.50452],[-96.96278,28.50288],[-96.96418,28.50449],[-96.96909,28.50521],[-96.97939,28.50292],[-96.98215,28.49964],[-96.98555,28.49995],[-96.99275,28.50307],[-96.99547,28.50725],[-96.99461,28.50871],[-97.00464,28.50891],[-97.01279,28.51732],[-97.01538,28.51715],[-97.0202,28.52015],[-97.02149,28.51674],[-97.02418,28.52407],[-97.02263,28.52533],[-97.02713,28.53241],[-97.02704,28.5365],[-97.02324,28.53679],[-97.02481,28.53907],[-97.03124,28.54159],[-97.03164,28.53937],[-97.03518,28.538],[-97.03986,28.53207],[-97.04284,28.53158],[-97.04467,28.53184],[-97.04606,28.53543],[-97.05147,28.53512],[-97.05138,28.53703],[-97.04726,28.5372],[-97.04796,28.5404],[-97.04656,28.53983],[-97.04589,28.54174],[-97.04435,28.54175],[-97.04494,28.54443],[-97.04777,28.54611],[-97.04776,28.5479],[-97.04476,28.54983],[-97.04942,28.54969],[-97.05078,28.54569],[-97.05235,28.54613],[-97.05258,28.54895],[-97.05587,28.55018],[-97.0573,28.54736],[-97.0627,28.5474],[-97.05917,28.54518],[-97.06012,28.54349],[-97.05888,28.54263],[-97.06193,28.54086],[-97.06354,28.54137],[-97.06186,28.54384],[-97.06485,28.5425],[-97.06809,28.54436],[-97.0719,28.54283],[-97.06988,28.54404],[-97.07201,28.5471],[-97.0756,28.54446],[-97.07389,28.54263],[-97.07468,28.54094],[-97.07742,28.54028],[-97.07779,28.54215],[-97.07592,28.54364],[-97.07967,28.54547],[-97.08269,28.54279],[-97.07961,28.53687],[-97.07713,28.53776],[-97.07772,28.53361],[-97.07941,28.53366],[-97.08024,28.53549],[-97.08152,28.53265],[-97.0837,28.53487],[-97.08609,28.53256],[-97.08648,28.53572],[-97.08827,28.53684],[-97.08904,28.53366],[-97.09084,28.53458],[-97.0911,28.5399],[-97.09203,28.53832],[-97.09492,28.53843],[-97.0961,28.5427],[-97.09408,28.54432],[-97.09733,28.54367],[-97.09839,28.54483],[-97.09689,28.54793],[-97.10136,28.54697],[-97.10291,28.54832],[-97.09891,28.54987],[-97.10411,28.55123],[-97.10388,28.55459],[-97.11022,28.5537],[-97.11516,28.54894],[-97.11839,28.54856],[-97.11974,28.5463],[-97.12018,28.54832],[-97.12285,28.54921],[-97.12337,28.54525],[-97.12505,28.54531],[-97.12522,28.54853],[-97.12646,28.54867],[-97.12758,28.5454],[-97.13127,28.54814],[-97.1308,28.55028],[-97.13223,28.55131],[-97.13503,28.54945],[-97.13946,28.55417],[-97.1431,28.54836],[-97.14609,28.54983],[-97.14782,28.54637],[-97.15177,28.54964],[-97.14863,28.54956],[-97.14933,28.55328],[-97.15565,28.54786],[-97.15757,28.55151],[-97.16017,28.5502],[-97.16311,28.55663],[-97.16164,28.5584],[-97.16442,28.55949],[-97.16431,28.56099],[-97.1602,28.56263],[-97.16421,28.56479],[-97.16061,28.56532],[-97.15903,28.56421],[-97.1578,28.5656],[-97.15873,28.56766],[-97.15464,28.5674],[-97.15397,28.57017],[-97.1571,28.57154],[-97.15861,28.57447],[-97.16084,28.57145],[-97.16268,28.57162],[-97.16451,28.57735],[-97.16996,28.57719],[-97.17037,28.57975],[-97.16594,28.58076],[-97.16786,28.58371],[-97.17128,28.58522],[-97.17124,28.58671],[-97.16507,28.58391],[-97.16198,28.58506],[-97.16971,28.58953],[-97.17156,28.59364],[-97.17507,28.59378],[-97.17535,28.59916],[-97.17962,28.60381],[-97.18236,28.6106],[-97.16773,28.72785],[-97.1707,28.73687],[-97.17797,28.73694],[-97.17825,28.73886],[-97.16784,28.74792],[-97.16621,28.75219],[-97.16786,28.75888],[-97.16411,28.76475],[-97.16175,28.77339],[-97.15893,28.77616],[-97.16065,28.78258],[-97.16992,28.78561],[-97.17632,28.79073],[-97.18665,28.80982],[-97.19054,28.81334],[-97.18666,28.83408],[-97.18968,28.83696],[-97.19543,28.83902],[-97.20351,28.85445],[-97.2107,28.85568],[-97.21658,28.86064],[-97.23342,28.86537],[-97.23728,28.86345],[-97.23314,28.85802],[-97.23499,28.85412],[-97.23923,28.85382],[-97.25229,28.85789],[-97.25516,28.85572],[-97.25529,28.84923],[-97.26026,28.84719],[-97.26706,28.84869],[-97.28422,28.84699],[-97.28682,28.84511],[-97.29319,28.84741],[-97.30051,28.84411],[-97.30462,28.84736],[-97.3042,28.85135],[-97.2977,28.85364],[-97.2997,28.85676],[-97.29775,28.86086],[-97.30592,28.86404],[-97.03319,29.06433],[-97.01842,29.07311],[-96.97638,29.10405],[-96.93859,29.06324],[-96.65847,29.26388],[-96.64032,29.2478],[-96.60426,29.26582],[-96.38534,29.38808],[-96.34862,29.40679],[-96.30767,29.51452],[-96.17542,29.63381],[-96.18081,29.6409],[-96.18782,29.64256],[-96.18998,29.64757],[-96.19945,29.65646],[-96.2089,29.65641],[-96.21332,29.66075],[-96.22468,29.66489],[-96.24005,29.65778],[-96.24677,29.66421],[-96.2567,29.66706],[-96.25976,29.66933],[-96.26263,29.67459],[-96.26187,29.67885],[-96.2663,29.68695],[-96.27104,29.69],[-96.2731,29.6967],[-96.27764,29.69972],[-96.27724,29.70142],[-96.27046,29.70583],[-96.27189,29.71076],[-96.27012,29.71658],[-96.27546,29.71887],[-96.28052,29.7262],[-96.2839,29.72771],[-96.29154,29.72806],[-96.29198,29.73001],[-96.28996,29.7321],[-96.29129,29.73495],[-96.29831,29.73721],[-96.29625,29.74383],[-96.29719,29.74972],[-96.31184,29.75636],[-96.31453,29.76594],[-96.31412,29.77119],[-96.31938,29.77429],[-96.31934,29.77634],[-96.31505,29.77953],[-96.31539,29.78728],[-96.31807,29.79123],[-96.32225,29.79263],[-96.32862,29.79863],[-96.33128,29.79769],[-96.33493,29.80116],[-96.33738,29.80127],[-96.33637,29.80317],[-96.33268,29.80284],[-96.33154,29.80415],[-96.33097,29.81466],[-96.34228,29.82463],[-96.34366,29.82993],[-96.3522,29.82734],[-96.35288,29.82438],[-96.35863,29.81891],[-96.36178,29.81998],[-96.36371,29.81886],[-96.36998,29.82367],[-96.37866,29.8236],[-96.37933,29.8253],[-96.38881,29.82146],[-96.39333,29.82174],[-96.39358,29.82411],[-96.39656,29.82258],[-96.40513,29.82554],[-96.40745,29.82393],[-96.41011,29.82549],[-96.41269,29.82466],[-96.41583,29.82809],[-96.42103,29.82927],[-96.4217,29.83397],[-96.42401,29.8349],[-96.42383,29.83666],[-96.42816,29.84093],[-96.43472,29.8419],[-96.43475,29.84794],[-96.43981,29.85056],[-96.4408,29.85361],[-96.44618,29.85428],[-96.44997,29.85642],[-96.46052,29.85467],[-96.46506,29.86081],[-96.46896,29.86146],[-96.47674,29.86865],[-96.48509,29.86733],[-96.5357,29.90733],[-96.62198,30.04428],[-96.59379,30.07104],[-96.5859,30.06467],[-96.51881,30.0652],[-96.289,30.09683],[-96.28575,30.09639],[-96.28183,30.09329],[-96.28009,30.09413],[-96.27617,30.09238],[-96.27248,30.09443],[-96.27106,30.09388],[-96.2679,30.08293],[-96.2656,30.08233],[-96.26385,30.07829],[-96.26095,30.07812],[-96.25934,30.07574],[-96.25483,30.07568],[-96.25434,30.07449],[-96.25387,30.07582],[-96.25088,30.07406],[-96.24742,30.07526],[-96.24378,30.07241],[-96.24095,30.07298],[-96.23956,30.07557],[-96.22859,30.07559],[-96.22502,30.07237],[-96.21984,30.07262],[-96.21869,30.07076],[-96.21382,30.06899],[-96.21406,30.06639],[-96.20917,30.06225],[-96.20679,30.06696],[-96.20057,30.06659],[-96.19702,30.0647],[-96.19248,30.06518],[-96.18584,30.06235],[-96.18135,30.0628],[-96.17373,30.05685],[-96.16845,30.05612],[-96.16884,30.05441],[-96.16047,30.05341],[-96.15571,30.05879],[-96.15742,30.06061],[-96.15436,30.06585],[-96.15522,30.06713],[-96.14931,30.06799],[-96.14605,30.07022],[-96.15,30.07173],[-96.15125,30.0764],[-96.14629,30.07495],[-96.137,30.067],[-96.13466,30.06753],[-96.13378,30.07096],[-96.14092,30.07684],[-96.14165,30.0832],[-96.1435,30.08498],[-96.15207,30.08503],[-96.15842,30.09171],[-96.159,30.09703],[-96.15256,30.10254],[-96.15398,30.10799],[-96.16027,30.10807],[-96.16428,30.10115],[-96.16994,30.09878],[-96.17282,30.09934],[-96.17466,30.1027],[-96.17146,30.10934],[-96.17505,30.11244],[-96.18355,30.10921],[-96.18865,30.11046],[-96.19171,30.11523],[-96.19124,30.11758],[-96.18742,30.11859],[-96.17981,30.11735],[-96.1789,30.12094],[-96.18637,30.12815],[-96.19221,30.13666],[-96.1878,30.14169],[-96.18183,30.1409],[-96.17592,30.13773],[-96.17176,30.13983],[-96.17458,30.14366],[-96.18188,30.14813],[-96.18321,30.15244],[-96.18066,30.15568],[-96.17629,30.15482],[-96.15885,30.14214],[-96.15596,30.14129],[-96.15253,30.14313],[-96.15013,30.15545],[-96.15341,30.15949],[-96.16003,30.16183],[-96.16201,30.16492],[-96.16091,30.16856],[-96.1552,30.17316],[-96.15456,30.17712],[-96.15923,30.18041],[-96.15978,30.18318],[-96.15709,30.1905],[-96.15909,30.19586],[-96.15901,30.20661],[-96.14988,30.21302],[-96.14743,30.21798],[-96.14508,30.21857],[-96.14019,30.21222],[-96.13011,30.21075],[-96.11802,30.22421],[-96.11716,30.22727],[-96.11478,30.2279],[-96.10941,30.21991],[-96.09894,30.21453],[-96.09671,30.21487],[-96.09312,30.22045],[-96.09316,30.22519],[-96.08894,30.22872],[-95.95377,30.23696],[-95.92328,30.23728],[-95.80431,30.24557],[-95.80435,30.3378],[-95.81748,30.50022],[-95.83024,30.63028],[-95.59888,30.50898],[-95.36187,30.50892],[-95.35916,30.50437],[-95.34647,30.6252],[-95.33792,30.74674],[-95.32748,30.85955],[-95.3241,30.86189],[-95.32141,30.8678],[-95.31724,30.86947],[-95.3139,30.8731],[-95.3167,30.87884],[-95.31073,30.88838],[-95.31432,30.89535],[-95.3129,30.89787],[-95.29844,30.9026],[-95.28018,30.90129],[-95.2723,30.90386],[-95.25238,30.90672],[-95.24628,30.90401],[-95.23078,30.88701],[-95.23774,30.8736],[-95.2431,30.86686],[-95.23626,30.85844],[-95.23209,30.84282],[-95.2229,30.83632],[-95.21656,30.83372],[-95.20764,30.83238],[-95.20018,30.82457],[-94.93924,31.04198],[-94.84295,31.14658],[-94.84166,31.14324],[-94.83697,31.14334],[-94.83609,31.14149],[-94.83128,31.1414],[-94.82938,31.13866],[-94.82734,31.13979],[-94.82484,31.13826],[-94.82232,31.14002],[-94.81846,31.13218],[-94.81329,31.13048],[-94.81275,31.1334],[-94.80325,31.13013],[-94.80255,31.1322],[-94.79611,31.13076],[-94.7935,31.12806],[-94.79539,31.12759],[-94.79016,31.12414],[-94.7826,31.1222],[-94.78108,31.12358],[-94.77646,31.1186],[-94.77285,31.11669],[-94.76948,31.11716],[-94.76846,31.11501],[-94.76521,31.11482],[-94.76074,31.11106],[-94.75461,31.10915],[-94.75134,31.10546],[-94.74542,31.10663],[-94.73859,31.10369],[-94.72528,31.10627],[-94.72337,31.10834],[-94.72183,31.10624],[-94.71862,31.10699],[-94.71587,31.10542],[-94.71575,31.10371],[-94.71391,31.10472],[-94.71256,31.10376],[-94.71152,31.1056],[-94.70789,31.10474],[-94.70981,31.10399],[-94.7088,31.10114],[-94.70563,31.10244],[-94.70643,31.0997],[-94.70482,31.099],[-94.70291,31.10199],[-94.69918,31.09925],[-94.69835,31.09625],[-94.69686,31.09636],[-94.69796,31.09806],[-94.6967,31.09868],[-94.69195,31.09572],[-94.69017,31.09649],[-94.69046,31.09795],[-94.68662,31.09619],[-94.67927,31.09604],[-94.67878,31.09321],[-94.67301,31.09583],[-94.67062,31.09536],[-94.67003,31.09363],[-94.67265,31.0925],[-94.6707,31.08836],[-94.66879,31.08799],[-94.66776,31.08933],[-94.66324,31.08814],[-94.66364,31.0865],[-94.65794,31.08492],[-94.65427,31.09052],[-94.65505,31.09376],[-94.65031,31.09853],[-94.64796,31.09867],[-94.64725,31.09396],[-94.64276,31.08782],[-94.63993,31.0869],[-94.63505,31.09001],[-94.63027,31.08367],[-94.62821,31.08377],[-94.62553,31.08667],[-94.6234,31.08555],[-94.62228,31.0873],[-94.62194,31.08558],[-94.61955,31.08626],[-94.61685,31.08363],[-94.61425,31.08483],[-94.61443,31.08272],[-94.61287,31.08202],[-94.61462,31.08116],[-94.61287,31.08073],[-94.61115,31.08256],[-94.60949,31.08186],[-94.6123,31.07896],[-94.61123,31.07751],[-94.60735,31.07784],[-94.60514,31.07467],[-94.60456,31.07755],[-94.60205,31.07408],[-94.60244,31.07119],[-94.59892,31.06856],[-94.59529,31.07057],[-94.59441,31.07282],[-94.59094,31.0707],[-94.592,31.06787],[-94.58949,31.06609],[-94.5859,31.06652],[-94.58222,31.06481],[-94.5822,31.06804],[-94.5791,31.06877],[-94.57539,31.06726],[-94.5745,31.06857],[-94.57088,31.06322],[-94.56891,31.06413],[-94.56862,31.0616],[-94.56774,31.06422],[-94.56275,31.0621],[-94.56292,31.06365],[-94.5608,31.06098],[-94.56194,31.05895],[-94.56028,31.05787],[-94.55798,31.05898],[-94.55807,31.05699],[-94.55431,31.0575],[-94.55476,31.05494],[-94.54952,31.05504],[-94.54847,31.05339],[-94.54721,31.05467],[-94.54928,31.0579],[-94.54749,31.05913],[-94.54375,31.05425],[-94.54241,31.05338],[-94.53821,31.05445],[-94.53637,31.05183],[-94.5335,31.05365],[-94.53373,31.05682],[-94.52841,31.05366],[-94.52695,31.05592],[-94.52658,31.05175],[-94.52288,31.05252],[-94.52316,31.04866],[-94.52129,31.04864],[-94.52108,31.05096],[-94.51809,31.05164],[-94.51211,31.04614],[-94.51004,31.04674],[-94.50893,31.04327],[-94.50594,31.04575],[-94.50397,31.0435],[-94.50145,31.0443],[-94.50013,31.04229],[-94.49566,31.04196],[-94.4923,31.04499],[-94.4906,31.04333],[-94.49083,31.03864],[-94.48531,31.0384],[-94.48546,31.03136],[-94.47152,31.02643],[-94.46403,31.03269],[-94.06413,31.11225],[-94.06286,31.11491],[-94.0623,31.11241],[-94.06109,31.11393],[-94.06077,31.11264],[-94.05914,31.11325],[-94.05691,31.11188],[-94.05572,31.11266],[-94.05779,31.11329],[-94.05708,31.11427],[-94.0509,31.11461],[-94.05057,31.1159],[-94.04827,31.11562],[-94.04727,31.11767],[-94.04572,31.11661],[-94.04548,31.11834],[-94.0423,31.11943],[-94.04038,31.12315],[-94.04111,31.12567],[-94.0378,31.1294],[-94.0398,31.13045],[-94.03903,31.13427],[-93.91113,31.15807],[-93.60031,31.17616],[-93.5885,31.16558],[-93.57922,31.16742],[-93.56956,31.17757],[-93.55265,31.18557],[-93.54893,31.1866],[-93.54182,31.1832],[-93.5351,31.18561],[-93.53331,31.18446],[-93.53144,31.17895],[-93.53281,31.17426],[-93.54306,31.17066],[-93.53648,31.15847],[-93.54016,31.15605],[-93.5487,31.15584],[-93.54852,31.1485],[-93.5447,31.13589],[-93.53799,31.12675],[-93.5397,31.11445],[-93.54518,31.11178],[-93.5487,31.10603],[-93.54925,31.10014],[-93.56268,31.0976],[-93.56347,31.09399],[-93.55907,31.09178],[-93.55664,31.08743],[-93.5532,31.08812],[-93.55111,31.09081],[-93.54928,31.09031],[-93.54844,31.08851],[-93.5518,31.08454],[-93.5522,31.07893],[-93.54013,31.078],[-93.53263,31.07455],[-93.52775,31.07457],[-93.52896,31.06983],[-93.52513,31.06655],[-93.52074,31.06613],[-93.51891,31.06186],[-93.52114,31.05727],[-93.52926,31.05757],[-93.53207,31.05526],[-93.53122,31.05168],[-93.52651,31.04736],[-93.5189,31.04374],[-93.51994,31.04188],[-93.52405,31.04152],[-93.52474,31.03901],[-93.5216,31.0363],[-93.50829,31.03235],[-93.50846,31.02944],[-93.52231,31.0201],[-93.53158,31.02019],[-93.53343,31.01897],[-93.53914,31.00829],[-93.5485,31.01026],[-93.55147,31.00924],[-93.55593,31.00374],[-93.56563,31.01316],[-93.57147,31.0096],[-93.57459,31.00236],[-93.57821,30.99999],[-93.57336,30.99183],[-93.56429,30.9896],[-93.56797,30.97798],[-93.57433,30.97371],[-93.57282,30.97072],[-93.56844,30.9691],[-93.56053,30.97129],[-93.55354,30.96737],[-93.54984,30.96712],[-93.54731,30.96475],[-93.54633,30.9578],[-93.53927,30.95652],[-93.53176,30.95822],[-93.53053,30.95458],[-93.53237,30.94898],[-93.52981,30.94217],[-93.52601,30.93754],[-93.52778,30.93285],[-93.52615,30.93003],[-93.53094,30.92453],[-93.54321,30.92013],[-93.54207,30.92585],[-93.54517,30.92706],[-93.54955,30.92375],[-93.55194,30.91865],[-93.55838,30.91354],[-93.55854,30.91139],[-93.55303,30.9081],[-93.554,30.90277],[-93.55312,30.90105],[-93.54862,30.89989],[-93.5492,30.89744],[-93.56632,30.89484],[-93.57408,30.88453],[-93.57082,30.87558],[-93.5648,30.87568],[-93.56294,30.8728],[-93.56414,30.86856],[-93.55914,30.86994],[-93.55846,30.86778],[-93.56191,30.85833],[-93.55731,30.85208],[-93.56848,30.84512],[-93.56797,30.84303],[-93.55817,30.83997],[-93.55363,30.83514],[-93.5531,30.83311],[-93.55716,30.82876],[-93.55406,30.82494],[-93.55464,30.82325],[-93.56416,30.81754],[-93.56376,30.81361],[-93.56071,30.80964],[-93.56135,30.80758],[-93.57468,30.80137],[-93.58223,30.80312],[-93.58378,30.80178],[-93.58426,30.79666],[-93.58139,30.79163],[-93.58192,30.78898],[-93.58938,30.78668],[-93.58317,30.7786],[-93.58387,30.77705],[-93.5899,30.77776],[-93.59271,30.7751],[-93.5921,30.76367],[-93.60497,30.76198],[-93.60678,30.75816],[-93.60918,30.75726],[-93.61162,30.76003],[-93.61347,30.76085],[-93.61445,30.75987],[-93.61478,30.75606],[-93.60834,30.74784],[-93.60995,30.74465],[-93.61775,30.74325],[-93.61898,30.74026],[-93.61064,30.73428],[-93.60954,30.72314],[-93.61281,30.71657],[-93.61477,30.71986],[-93.61723,30.71858],[-93.61644,30.71239],[-93.61966,30.70894],[-93.62077,30.70412],[-93.62447,30.70108],[-93.62043,30.69424],[-93.62665,30.68836],[-93.6299,30.67994],[-93.63616,30.67612],[-93.63821,30.67306],[-93.64536,30.67339],[-93.64825,30.66778],[-93.65497,30.67018],[-93.65974,30.66205],[-93.66456,30.66173],[-93.67035,30.65803],[-93.67054,30.65263],[-93.67384,30.6513],[-93.67413,30.64869],[-93.6831,30.64076],[-93.68042,30.63488],[-93.68472,30.63081],[-93.68512,30.6252],[-93.68198,30.61858],[-93.6857,30.61642],[-93.68913,30.61141],[-93.6834,30.60804],[-93.67924,30.59976],[-93.67866,30.5941],[-93.68507,30.59209],[-93.68512,30.58661],[-93.68811,30.58566],[-93.69222,30.58571],[-93.69175,30.58796],[-93.6878,30.59014],[-93.69287,30.59438],[-93.70083,30.59198],[-93.7033,30.58877],[-93.71245,30.58848],[-93.71403,30.58028],[-93.71682,30.57786],[-93.72194,30.58032],[-93.72818,30.57287],[-93.72619,30.56987],[-93.72775,30.56649],[-93.72394,30.55922],[-93.73107,30.55334],[-93.72918,30.54485],[-93.74025,30.53957],[-93.73949,30.53804],[-93.73285,30.53663],[-93.73378,30.5314],[-93.72772,30.52567],[-93.72048,30.52433],[-93.71647,30.51923],[-93.71082,30.51773],[-93.71035,30.51317],[-93.7117,30.51075],[-93.70725,30.51139],[-93.70651,30.50991],[-93.70681,30.50707],[-93.70973,30.50651],[-93.71514,30.50127],[-93.71412,30.5],[-93.70854,30.5004],[-93.70867,30.49912],[-93.7104,30.49741],[-93.7145,30.4977],[-93.71668,30.49401],[-93.71025,30.48625],[-93.70976,30.48265],[-93.71173,30.4823],[-93.71483,30.48524],[-93.71742,30.48382],[-93.71052,30.4755],[-93.71185,30.46944],[-93.70638,30.4669],[-93.69904,30.45881],[-93.70634,30.45814],[-93.70694,30.45534],[-93.7021,30.44976],[-93.70744,30.44593],[-93.70694,30.44399],[-93.70463,30.44312],[-93.69831,30.44493],[-93.6978,30.44058],[-93.69928,30.43738],[-93.70415,30.43435],[-93.70266,30.42995],[-93.70826,30.43025],[-93.71275,30.43318],[-93.71404,30.42973],[-93.71647,30.42844],[-93.71706,30.42311],[-93.71918,30.42272],[-93.72295,30.4321],[-93.72682,30.42968],[-93.72683,30.42364],[-93.72231,30.42073],[-93.72275,30.41956],[-93.72755,30.41872],[-93.72872,30.41355],[-93.73392,30.41494],[-93.73489,30.40834],[-93.73827,30.40396],[-93.74168,30.40297],[-93.74204,30.40051],[-93.7455,30.39875],[-93.74597,30.39648],[-93.75144,30.39629],[-93.7533,30.39223],[-93.75765,30.39042],[-93.75847,30.38403],[-93.75515,30.3752],[-93.75726,30.36428],[-93.75174,30.36105],[-93.76154,30.35223],[-93.75812,30.34952],[-93.76302,30.34415],[-93.75892,30.33855],[-93.76582,30.33332],[-93.76426,30.33022],[-93.75556,30.32958],[-93.75604,30.32571],[-93.75104,30.32094],[-93.74986,30.31438],[-93.74421,30.31068],[-93.74394,30.30403],[-93.7387,30.30379],[-93.73423,30.29881],[-93.72422,30.29513],[-93.71432,30.29428],[-93.71291,30.28794],[-93.70458,30.28995],[-93.70913,30.27183],[-93.70859,30.2655],[-93.70316,30.26001],[-93.70764,30.25426],[-93.70516,30.24386],[-94.1176,30.24167],[-94.11828,30.24437],[-94.11032,30.24768],[-94.10669,30.25389],[-94.1011,30.25626],[-94.09763,30.256],[-94.09646,30.25868],[-94.10481,30.26623],[-94.10441,30.26393],[-94.10709,30.26407],[-94.10773,30.26138],[-94.11356,30.26285],[-94.11373,30.26445],[-94.11037,30.26485],[-94.11253,30.27077],[-94.11189,30.27306],[-94.11789,30.27939],[-94.11803,30.27758],[-94.1199,30.27773],[-94.11914,30.27922],[-94.1205,30.28024],[-94.11795,30.28163],[-94.12053,30.28304],[-94.1194,30.28826],[-94.11585,30.28542],[-94.1142,30.28611],[-94.11719,30.29199],[-94.11779,30.30055],[-94.11466,30.30245],[-94.11421,30.30511],[-94.10423,30.30787],[-94.10402,30.30923],[-94.10694,30.30996],[-94.10458,30.31256],[-94.10183,30.31052],[-94.10206,30.31318],[-94.10472,30.31286],[-94.10464,30.31436],[-94.10279,30.31342],[-94.10121,30.31429],[-94.09978,30.31864],[-94.10462,30.31993],[-94.10612,30.32178],[-94.10502,30.32296],[-94.10153,30.32116],[-94.09878,30.3224],[-94.09824,30.32419],[-94.10204,30.32404],[-94.10274,30.32593],[-94.09729,30.33183],[-94.09658,30.3386],[-94.09493,30.33939],[-94.09029,30.33749],[-94.08407,30.34142],[-94.08292,30.34565],[-94.08508,30.35353],[-94.08687,30.35191],[-94.0845,30.35004],[-94.08625,30.34889],[-94.09077,30.35037],[-94.08972,30.35217],[-94.09056,30.35487],[-94.09463,30.35833],[-94.09379,30.36075],[-94.09556,30.35954],[-94.0992,30.36154],[-94.10128,30.36557],[-94.10034,30.36815],[-94.10211,30.36797],[-94.10264,30.36935],[-94.09897,30.36986],[-94.10168,30.37178],[-94.10046,30.37351],[-94.10228,30.37594],[-94.10065,30.37675],[-94.10258,30.37922],[-94.10199,30.3841],[-94.1027,30.3856],[-94.1045,30.38445],[-94.1086,30.38728],[-94.10567,30.38747],[-94.10651,30.38959],[-94.10485,30.3896],[-94.10302,30.3921],[-94.10394,30.39421],[-94.10946,30.39396],[-94.1121,30.39751],[-94.11674,30.39745],[-94.11666,30.40227],[-94.11306,30.40294],[-94.11341,30.40653],[-94.11563,30.40672],[-94.11599,30.40481],[-94.11862,30.40641],[-94.11657,30.40959],[-94.12008,30.41073],[-94.11673,30.41177],[-94.1181,30.41488],[-94.11285,30.41498],[-94.11671,30.41582],[-94.11662,30.41764],[-94.11365,30.41954],[-94.11418,30.42343],[-94.11939,30.4263],[-94.11468,30.42861],[-94.1165,30.43397],[-94.10684,30.43747],[-94.1074,30.45031],[-94.10405,30.45079],[-94.10477,30.45318],[-94.10098,30.45775],[-94.0984,30.45847],[-94.10042,30.46299],[-94.09852,30.46351],[-94.09677,30.46115],[-94.09453,30.46556],[-94.09474,30.46665],[-94.09796,30.4653],[-94.1003,30.46737],[-94.10296,30.46739],[-94.10309,30.46873],[-94.10069,30.47038],[-94.09691,30.47033],[-94.09738,30.47383],[-94.09339,30.47407],[-94.09367,30.47746],[-94.08953,30.48524],[-94.08502,30.49002],[-94.08127,30.48843],[-94.07889,30.49006],[-94.08252,30.49219],[-94.07962,30.49456],[-94.07967,30.50271],[-94.08409,30.5056],[-94.08291,30.5106],[-94.0801,30.50984],[-94.07826,30.51102],[-94.07735,30.51472],[-94.07154,30.5206],[-94.07104,30.52253],[-94.0737,30.52416],[-94.07169,30.52603],[-94.54572,30.52698],[-94.53793,30.49106],[-94.77734,30.489],[-94.84941,30.49355],[-94.84262,30.48746],[-95.00664,30.414],[-95.03246,30.40409],[-95.08154,30.38133],[-95.1659,30.34498],[-95.09802,30.17115],[-95.03118,29.99332],[-95.02677,29.99674],[-95.02191,29.99691],[-94.99983,29.99132],[-94.99542,29.97783],[-94.98591,29.97301],[-94.98476,29.96802],[-94.9821,29.96475],[-94.98118,29.95556],[-94.9877,29.95283],[-94.99197,29.94076],[-94.99511,29.93624],[-94.99614,29.93008],[-94.99288,29.92775],[-94.99306,29.92603],[-94.99651,29.92377],[-94.99866,29.91977],[-94.98792,29.90474],[-94.9845,29.89425],[-94.98598,29.89055],[-94.97633,29.87699],[-94.97704,29.86806],[-94.97295,29.86551],[-94.968,29.85915],[-94.95264,29.85503],[-94.94759,29.85082],[-94.94472,29.84429],[-94.9346,29.83429],[-94.92673,29.83369],[-94.91172,29.82885],[-94.90861,29.82549],[-94.91113,29.81817],[-94.91073,29.81585],[-94.9085,29.81494],[-94.90922,29.81363],[-94.91072,29.81402],[-94.91071,29.81192],[-94.91175,29.81405],[-94.91325,29.81292],[-94.91244,29.80878],[-94.91617,29.80645],[-94.91688,29.8033],[-94.92294,29.80238],[-94.9225,29.79664],[-94.92381,29.7964],[-94.92384,29.79472],[-94.91944,29.79366],[-94.92112,29.79193],[-94.91783,29.78904],[-94.91861,29.78754],[-94.91711,29.78622],[-94.91837,29.78355],[-94.92137,29.78208],[-94.92003,29.781],[-94.92007,29.77536],[-94.9163,29.77366],[-94.91769,29.77193],[-94.91915,29.77289],[-94.91963,29.77128],[-94.91425,29.76915],[-94.91381,29.7663],[-94.91704,29.76684],[-94.91902,29.76539],[-94.91837,29.75611],[-94.9234,29.75526],[-94.92983,29.75],[-94.92902,29.73706],[-94.93483,29.73258],[-94.94522,29.7183],[-94.9454,29.71624],[-94.94252,29.71334],[-94.93297,29.71472],[-94.93456,29.71042],[-94.93296,29.70521],[-94.92527,29.70369],[-94.9265,29.70091],[-94.93029,29.69919],[-94.92991,29.69737],[-94.92536,29.6968],[-94.92386,29.69916],[-94.92017,29.6996],[-94.91581,29.69843],[-94.91628,29.69615],[-94.92161,29.69323],[-94.91987,29.68686],[-94.92773,29.68069],[-94.92973,29.67399],[-94.93658,29.68042],[-94.93609,29.6927],[-94.94666,29.69914],[-94.97209,29.70172],[-94.97839,29.70905],[-94.98816,29.70914],[-94.98985,29.71338],[-94.9927,29.71349],[-94.99498,29.70968],[-94.99763,29.70887],[-95.00348,29.71222],[-95.01349,29.70622],[-95.01651,29.70687],[-95.01968,29.70437],[-95.01898,29.70114],[-95.00073,29.69676],[-94.99015,29.68582],[-94.98932,29.68272],[-94.98766,29.68138],[-94.98278,29.6819],[-94.98215,29.67686],[-95.00104,29.66474],[-95.0054,29.65937],[-95.01168,29.6498],[-95.01564,29.63946],[-95.0135,29.62919],[-95.00188,29.61884],[-94.99817,29.62046],[-94.99905,29.61694],[-94.989,29.60959],[-94.98271,29.60134],[-94.98714,29.59702],[-94.98795,29.59404],[-94.99346,29.59048],[-94.99394,29.58844],[-95.00408,29.57959],[-95.01825,29.55488],[-95.02118,29.55376],[-95.02099,29.55153],[-95.01686,29.54814],[-95.01516,29.53999],[-95.00305,29.52608],[-94.98965,29.51686],[-94.97651,29.51126],[-94.9599,29.50702],[-94.93013,29.49968],[-94.91197,29.49626],[-94.90946,29.49684],[-94.91052,29.49214],[-94.92543,29.47087],[-94.9282,29.47291],[-94.92705,29.47523],[-94.92844,29.47984],[-94.93153,29.48118],[-94.93996,29.48004],[-94.95339,29.4726],[-94.95185,29.46753],[-94.93806,29.45635],[-94.89203,29.43368],[-94.88785,29.41681],[-94.88882,29.41331],[-94.88686,29.387],[-94.88982,29.3782],[-94.88494,29.37664],[-94.88212,29.3783],[-94.86504,29.37282],[-94.86437,29.37051],[-94.86641,29.36734],[-94.8916,29.35593],[-94.9066,29.35598],[-94.9086,29.34656],[-94.90817,29.33992],[-94.8929,29.32527],[-94.89267,29.31345],[-94.89492,29.31148],[-94.89552,29.30827],[-94.90004,29.30236],[-94.90882,29.29751],[-94.91251,29.29324],[-94.91834,29.29322],[-94.92885,29.29836],[-94.92587,29.30069],[-94.9169,29.30128],[-94.91003,29.29947],[-94.905,29.30252],[-94.90728,29.30884],[-94.93659,29.3149],[-94.94198,29.31348],[-94.94406,29.30563],[-94.95389,29.29532],[-94.95427,29.29324],[-94.96202,29.28719],[-94.97091,29.28322],[-94.97241,29.27998],[-94.98881,29.26526],[-95.0103,29.24124],[-95.02218,29.23385],[-95.02738,29.22835],[-95.03451,29.2115],[-95.0806,29.18932],[-95.09726,29.17737],[-95.10376,29.17541],[-95.11229,29.17507],[-95.11271,29.17692],[-95.10868,29.18016],[-95.108,29.1827],[-95.11193,29.19484],[-95.11576,29.19953],[-95.12684,29.19691],[-95.1342,29.19176],[-95.13795,29.19484],[-95.14379,29.19622],[-95.15055,29.1966],[-95.15697,29.19505],[-95.15851,29.18913],[-95.15732,29.18727],[-95.15221,29.18654],[-95.1499,29.17931],[-95.154,29.1718],[-95.15518,29.15147],[-95.16006,29.14638],[-95.15958,29.14212],[-95.16731,29.12116],[-95.16707,29.11306],[-95.1622,29.10735],[-95.16065,29.10226],[-95.15934,29.10101],[-95.15614,29.10174],[-95.15031,29.09769],[-95.14092,29.08793],[-95.13795,29.08159],[-95.13106,29.08087],[-95.12438,29.07648],[-95.12384,29.07064],[-95.19008,29.02486],[-95.25185,28.97899],[-95.28636,28.94793],[-95.29487,28.93718],[-95.32046,28.92244],[-95.34054,28.9085],[-95.37739,28.87843],[-95.38071,28.87718],[-95.38368,28.87],[-95.41617,28.85948],[-95.43673,28.85959],[-95.46322,28.84886],[-95.5888,28.78317],[-95.63288,28.76128],[-95.65951,28.75108],[-95.66134,28.74606],[-95.77196,28.68672],[-95.83398,28.65562],[-95.89027,28.63119],[-95.97552,28.59731],[-95.98356,28.59282],[-95.98857,28.59345],[-95.99963,28.58926],[-96.08331,28.55484],[-96.20544,28.49787],[-96.27039,28.46193],[-96.30432,28.43876],[-96.32002,28.42399],[-96.32977,28.4252],[-96.34248,28.41872],[-96.39038,28.38182]]],[[[-95.11014,29.09769],[-95.09695,29.11887],[-95.09303,29.12251],[-95.07592,29.12936],[-95.07128,29.13226],[-95.06831,29.13631],[-95.0638,29.13704],[-95.03979,29.15427],[-95.02814,29.15655],[-95.02422,29.16018],[-95.02541,29.16267],[-95.02363,29.169],[-95.01697,29.16849],[-95.01674,29.17212],[-95.01899,29.17564],[-95.01709,29.17751],[-95.01329,29.17876],[-95.00877,29.17782],[-95.00652,29.17979],[-95.00866,29.18291],[-95.01305,29.18509],[-95.00533,29.18509],[-94.98952,29.19058],[-94.99404,29.19577],[-94.99178,29.20034],[-94.97954,29.20283],[-94.97574,29.20148],[-94.97193,29.20698],[-94.97502,29.20884],[-94.97431,29.21123],[-94.9692,29.21351],[-94.95946,29.21019],[-94.95898,29.21289],[-94.96219,29.21641],[-94.96231,29.21922],[-94.95339,29.21828],[-94.94531,29.2215],[-94.94448,29.22378],[-94.94876,29.22865],[-94.95565,29.22938],[-94.94341,29.23571],[-94.93426,29.23259],[-94.93046,29.23488],[-94.93022,29.24348],[-94.92071,29.25053],[-94.92095,29.25344],[-94.91857,29.25572],[-94.89124,29.27054],[-94.88007,29.27272],[-94.88185,29.27925],[-94.87437,29.28993],[-94.86533,29.29169],[-94.86557,29.29335],[-94.85464,29.29708],[-94.85286,29.29905],[-94.85107,29.29926],[-94.84965,29.29749],[-94.83764,29.29977],[-94.83776,29.3012],[-94.83194,29.30205],[-94.82968,29.30029],[-94.82766,29.30091],[-94.8279,29.30464],[-94.82374,29.30589],[-94.82077,29.30962],[-94.79807,29.30848],[-94.78904,29.3119],[-94.7812,29.31853],[-94.77466,29.32102],[-94.77228,29.33366],[-94.76657,29.33734],[-94.74622,29.33476],[-94.7314,29.33705],[-94.72617,29.33252],[-94.76734,29.30564],[-94.79476,29.28439],[-94.89175,29.22902],[-95.04659,29.13572],[-95.08794,29.10791],[-95.10028,29.09716],[-95.10698,29.08896],[-95.11656,29.08461],[-95.12226,29.08855],[-95.12215,29.09042],[-95.11989,29.09291],[-95.11466,29.09416],[-95.11014,29.09769]]],[[[-94.91144,29.26878],[-94.91382,29.26992],[-94.91513,29.27345],[-94.91311,29.275],[-94.90919,29.27396],[-94.90919,29.26982],[-94.91144,29.26878]]],[[[-94.92439,29.28162],[-94.92899,29.2851],[-94.92868,29.28703],[-94.92271,29.28844],[-94.91966,29.28682],[-94.92193,29.28199],[-94.92439,29.28162]]],[[[-94.82208,29.33335],[-94.81982,29.34112],[-94.8216,29.34526],[-94.81052,29.35213],[-94.7824,29.33391],[-94.7812,29.33247],[-94.78179,29.32402],[-94.78999,29.31615],[-94.79843,29.31242],[-94.81566,29.31211],[-94.82196,29.31324],[-94.82326,29.32392],[-94.8216,29.32703],[-94.82208,29.33335]]],[[[-94.81995,29.35017],[-94.82187,29.34845],[-94.82425,29.34892],[-94.82601,29.35173],[-94.82523,29.35379],[-94.82097,29.35267],[-94.81995,29.35017]]],[[[-94.76638,29.39239],[-94.77374,29.39529],[-94.77434,29.39923],[-94.7665,29.40761],[-94.75497,29.41589],[-94.74545,29.40854],[-94.71741,29.43003],[-94.71088,29.43132],[-94.70351,29.43649],[-94.70346,29.44036],[-94.69555,29.45273],[-94.69187,29.45502],[-94.69263,29.45844],[-94.69123,29.46009],[-94.68717,29.45976],[-94.68516,29.46599],[-94.67665,29.47348],[-94.66539,29.4774],[-94.64041,29.4724],[-94.61576,29.48117],[-94.60656,29.48279],[-94.59907,29.49029],[-94.59421,29.49213],[-94.59757,29.49525],[-94.59358,29.50919],[-94.57457,29.52763],[-94.57159,29.52747],[-94.56897,29.53018],[-94.56196,29.53086],[-94.55398,29.52828],[-94.55222,29.52623],[-94.53395,29.51776],[-94.51542,29.51716],[-94.5054,29.51047],[-94.49827,29.51171],[-94.48984,29.51647],[-94.48663,29.53684],[-94.47617,29.54511],[-94.47391,29.55038],[-94.47058,29.55327],[-94.4707,29.55658],[-94.47227,29.55701],[-94.46312,29.56074],[-94.4478,29.56405],[-94.44356,29.56237],[-94.43926,29.56543],[-94.42969,29.5647],[-94.42702,29.56687],[-94.42287,29.56626],[-94.42167,29.56971],[-94.41782,29.56928],[-94.41593,29.57267],[-94.41244,29.57337],[-94.41421,29.57762],[-94.41734,29.57812],[-94.41328,29.58009],[-94.41692,29.58456],[-94.41431,29.58511],[-94.41379,29.58687],[-94.41878,29.586],[-94.41918,29.58919],[-94.41681,29.59248],[-94.41381,29.59002],[-94.40899,29.59747],[-94.40805,29.59652],[-94.40648,29.59826],[-94.39883,29.59445],[-94.39806,29.5968],[-94.39428,29.5963],[-94.3936,29.59503],[-94.38852,29.5957],[-94.38703,29.59432],[-94.38663,29.59608],[-94.3848,29.59513],[-94.37876,29.59605],[-94.37706,29.59372],[-94.37532,29.59678],[-94.37288,29.59576],[-94.37289,29.59738],[-94.37162,29.59725],[-94.37082,29.55624],[-94.49007,29.51119],[-94.56434,29.48137],[-94.63161,29.4518],[-94.65483,29.4401],[-94.68127,29.42464],[-94.69416,29.41563],[-94.70847,29.40305],[-94.72371,29.38214],[-94.73105,29.36914],[-94.73341,29.36799],[-94.73726,29.36959],[-94.73923,29.37493],[-94.74202,29.37588],[-94.76149,29.36188],[-94.76336,29.36585],[-94.77869,29.36148],[-94.7807,29.36507],[-94.77731,29.37106],[-94.77778,29.37582],[-94.78444,29.37572],[-94.76638,29.39239]]],[[[-94.96995,29.68365],[-94.96937,29.68168],[-94.9761,29.67827],[-94.97791,29.68118],[-94.97744,29.6852],[-94.97375,29.68613],[-94.96995,29.68365]]],[[[-94.98017,29.69604],[-94.97934,29.69387],[-94.97601,29.69439],[-94.97328,29.6914],[-94.97518,29.68789],[-94.97957,29.6883],[-94.99241,29.6978],[-94.98564,29.69852],[-94.98017,29.69604]]]]}},{"type":"Feature","properties":{"weather_zone":"EAST"},"geometry":{"type":"Polygon","coordinates":[[[-95.86227,30.86536],[-95.83024,30.63028],[-95.81386,30.45915],[-95.80435,30.3378],[-95.80431,30.24557],[-95.92328,30.23728],[-95.95377,30.23696],[-96.08894,30.22872],[-96.09316,30.22519],[-96.09557,30.22876],[-96.10538,30.23287],[-96.10314,30.23868],[-96.09857,30.24274],[-96.09442,30.24239],[-96.08767,30.23777],[-96.08333,30.23831],[-96.08174,30.24088],[-96.08084,30.2443],[-96.08458,30.25125],[-96.08944,30.25304],[-96.09487,30.25239],[-96.09874,30.25449],[-96.09925,30.25805],[-96.09551,30.2656],[-96.0938,30.27432],[-96.09174,30.27801],[-96.08509,30.28261],[-96.08438,30.28766],[-96.08769,30.28962],[-96.09693,30.289],[-96.09932,30.29026],[-96.10005,30.29669],[-96.09364,30.3052],[-96.0944,30.30937],[-96.09719,30.31111],[-96.11506,30.306],[-96.11737,30.3042],[-96.11951,30.30482],[-96.12527,30.31156],[-96.13655,30.31475],[-96.1373,30.32106],[-96.13887,30.32245],[-96.14746,30.32417],[-96.15279,30.32801],[-96.16044,30.33936],[-96.16016,30.34174],[-96.15263,30.35031],[-96.15544,30.36314],[-96.1516,30.36545],[-96.14987,30.36879],[-96.15844,30.37837],[-96.16419,30.3775],[-96.17154,30.37379],[-96.17554,30.37501],[-96.17646,30.37835],[-96.17327,30.38645],[-96.17446,30.39088],[-96.17866,30.39472],[-96.18381,30.39428],[-96.1945,30.39989],[-96.19823,30.39512],[-96.19954,30.38291],[-96.20651,30.379],[-96.2096,30.37417],[-96.21217,30.37368],[-96.21804,30.37669],[-96.22155,30.37624],[-96.23509,30.36972],[-96.2432,30.36972],[-96.25175,30.36538],[-96.25722,30.3664],[-96.26292,30.37002],[-96.2623,30.36466],[-96.26365,30.36234],[-96.27123,30.35835],[-96.27658,30.36027],[-96.27944,30.36447],[-96.28575,30.36469],[-96.29058,30.37339],[-96.29964,30.37777],[-96.29917,30.37915],[-96.29407,30.38024],[-96.29494,30.38562],[-96.30521,30.39049],[-96.30693,30.39459],[-96.3025,30.3994],[-96.2976,30.40042],[-96.30025,30.40727],[-96.29749,30.41179],[-96.28936,30.4124],[-96.27692,30.40703],[-96.27232,30.4102],[-96.27182,30.41639],[-96.27355,30.41833],[-96.27728,30.41554],[-96.28111,30.41483],[-96.28591,30.41692],[-96.28799,30.42129],[-96.28256,30.42661],[-96.28645,30.43376],[-96.28688,30.43856],[-96.28425,30.44671],[-96.28605,30.44821],[-96.2909,30.444],[-96.29286,30.44428],[-96.30177,30.44785],[-96.30892,30.4552],[-96.31154,30.45556],[-96.31595,30.45084],[-96.32095,30.44957],[-96.32247,30.45875],[-96.33732,30.46935],[-96.34066,30.47372],[-96.33978,30.4754],[-96.3316,30.47454],[-96.32994,30.47788],[-96.3431,30.49866],[-96.35365,30.50268],[-96.35563,30.50641],[-96.355,30.51278],[-96.35697,30.51408],[-96.36334,30.51053],[-96.36709,30.51061],[-96.37102,30.51329],[-96.37043,30.51673],[-96.35729,30.51954],[-96.3549,30.52317],[-96.35523,30.52994],[-96.35941,30.5426],[-96.36536,30.54291],[-96.37653,30.54673],[-96.37698,30.54406],[-96.37442,30.53767],[-96.3777,30.5361],[-96.38021,30.54269],[-96.38522,30.54412],[-96.38708,30.54207],[-96.38645,30.53956],[-96.38368,30.53799],[-96.38288,30.53541],[-96.38369,30.53352],[-96.38796,30.53244],[-96.4003,30.53557],[-96.40466,30.54009],[-96.41306,30.53953],[-96.41926,30.54594],[-96.42343,30.55909],[-96.42217,30.57004],[-96.42409,30.57804],[-96.4205,30.5813],[-96.42006,30.58431],[-96.42609,30.59075],[-96.43075,30.59056],[-96.43066,30.58586],[-96.4267,30.57711],[-96.42934,30.57339],[-96.43547,30.57319],[-96.43833,30.57514],[-96.44299,30.58351],[-96.44962,30.58898],[-96.44965,30.59407],[-96.45215,30.597],[-96.46143,30.59821],[-96.46953,30.60695],[-96.48505,30.60384],[-96.48763,30.60488],[-96.4895,30.60766],[-96.48632,30.61744],[-96.48956,30.6219],[-96.49246,30.6206],[-96.49582,30.61463],[-96.49994,30.61283],[-96.5068,30.61531],[-96.50807,30.62523],[-96.51098,30.62773],[-96.51834,30.62622],[-96.529,30.62807],[-96.54821,30.62788],[-96.5506,30.6308],[-96.55451,30.63226],[-96.56,30.6319],[-96.56663,30.62939],[-96.57025,30.63668],[-96.58368,30.63735],[-96.58906,30.6397],[-96.59891,30.63926],[-96.60172,30.64056],[-96.60183,30.64193],[-96.59662,30.64628],[-96.59431,30.65259],[-96.58617,30.65685],[-96.58369,30.66047],[-96.58417,30.68319],[-96.58152,30.68889],[-96.573,30.6885],[-96.56803,30.69162],[-96.56698,30.69567],[-96.5688,30.70139],[-96.57336,30.70482],[-96.59647,30.71564],[-96.59698,30.71745],[-96.59444,30.72122],[-96.59616,30.72664],[-96.60404,30.72931],[-96.61823,30.72864],[-96.63273,30.74104],[-96.62624,30.74969],[-96.61889,30.74828],[-96.61484,30.75016],[-96.61274,30.75313],[-96.61251,30.75866],[-96.62011,30.76859],[-96.62525,30.78077],[-96.6332,30.78304],[-96.64229,30.77689],[-96.64832,30.78097],[-96.64951,30.78472],[-96.64754,30.79038],[-96.63868,30.79462],[-96.63582,30.80053],[-96.63792,30.81118],[-96.64128,30.81805],[-96.648,30.82516],[-96.67019,30.83387],[-96.67005,30.84172],[-96.67707,30.84255],[-96.67918,30.84405],[-96.68374,30.8538],[-96.69438,30.86359],[-96.69594,30.87514],[-96.695,30.87805],[-96.69348,30.87932],[-96.68398,30.87937],[-96.68225,30.88142],[-96.68412,30.88469],[-96.69571,30.89256],[-96.69722,30.89842],[-96.68702,30.89654],[-96.68419,30.89872],[-96.68324,30.90195],[-96.68487,30.90605],[-96.69189,30.90902],[-96.69666,30.90892],[-96.70558,30.90586],[-96.71607,30.89722],[-96.72621,30.89852],[-96.73322,30.90167],[-96.73441,30.9045],[-96.73436,30.90728],[-96.72949,30.9131],[-96.73064,30.91611],[-96.73698,30.91492],[-96.74373,30.91566],[-96.75633,30.92721],[-96.75754,30.93075],[-96.75549,30.94035],[-96.75648,30.94679],[-96.76062,30.95547],[-96.76502,30.95874],[-96.76916,30.95852],[-96.77117,30.96048],[-96.77236,30.96906],[-96.77102,30.97218],[-96.75956,30.97829],[-96.757,30.9882],[-96.74974,30.98925],[-96.74587,30.99291],[-96.74506,30.99477],[-96.74709,31.00095],[-96.75571,31.00538],[-96.76555,30.9997],[-96.76967,31.00001],[-96.77148,31.00277],[-96.77455,31.01824],[-96.77047,31.02276],[-96.77027,31.02672],[-96.77742,31.02839],[-96.77974,31.03338],[-96.77853,31.03563],[-96.76715,31.04283],[-96.76689,31.04717],[-96.76899,31.04947],[-96.78242,31.04784],[-96.78512,31.0491],[-96.78695,31.06103],[-96.79159,31.06508],[-96.79748,31.0641],[-96.80402,31.06018],[-96.81127,31.05826],[-96.8179,31.05916],[-96.82033,31.06095],[-96.82016,31.0684],[-96.80928,31.0803],[-96.817,31.09061],[-96.83069,31.10042],[-96.82951,31.10557],[-96.8305,31.10522],[-96.72924,31.15391],[-96.62084,31.20905],[-96.31916,31.35713],[-96.31713,31.36201],[-96.32285,31.37407],[-96.23663,31.41339],[-96.25104,31.43672],[-96.49671,31.79619],[-96.05478,32.01253],[-96.05557,32.01461],[-96.05076,32.01678],[-96.05761,32.02062],[-96.06158,32.025],[-96.06353,32.02919],[-96.06219,32.0314],[-96.06646,32.03776],[-96.06465,32.04444],[-96.0661,32.04789],[-96.064,32.05108],[-96.06681,32.05844],[-96.06245,32.06294],[-96.06466,32.06541],[-96.0686,32.0664],[-96.0668,32.07142],[-96.07024,32.07476],[-96.06953,32.0765],[-96.06338,32.07667],[-96.06302,32.08086],[-96.06721,32.08599],[-96.08158,32.08148],[-96.09213,32.08189],[-96.09537,32.08068],[-96.0985,32.08168],[-96.10028,32.07777],[-96.10536,32.07534],[-96.1092,32.07711],[-96.10876,32.0855],[-96.11174,32.09053],[-96.11438,32.09105],[-96.11783,32.09498],[-96.11796,32.0982],[-96.1172,32.10405],[-96.11153,32.1158],[-96.11434,32.12012],[-96.1147,32.12649],[-96.11156,32.13198],[-96.10598,32.13524],[-96.1041,32.13848],[-96.10242,32.14227],[-96.10255,32.14813],[-96.10443,32.15266],[-96.11268,32.15678],[-96.11286,32.16032],[-96.11569,32.16092],[-96.12056,32.15674],[-96.13891,32.15138],[-96.14079,32.15335],[-96.14534,32.15281],[-96.15221,32.15842],[-96.15901,32.1549],[-96.16306,32.15598],[-96.16698,32.15867],[-96.16541,32.16257],[-96.16646,32.1661],[-96.17149,32.16855],[-96.17584,32.16824],[-96.17317,32.17156],[-96.17532,32.17337],[-96.17648,32.18138],[-96.17167,32.18529],[-96.1665,32.18309],[-96.16825,32.18691],[-96.16417,32.18777],[-96.16337,32.19054],[-96.16023,32.19005],[-96.15791,32.19133],[-96.15564,32.20044],[-96.15995,32.20057],[-96.16039,32.20438],[-96.14739,32.20734],[-96.1468,32.21194],[-96.15539,32.21497],[-96.17089,32.20698],[-96.17534,32.20636],[-96.17585,32.20394],[-96.18141,32.20456],[-96.18337,32.20176],[-96.19368,32.20422],[-96.19696,32.20694],[-96.1972,32.20927],[-96.19421,32.21121],[-96.19645,32.21296],[-96.19398,32.21641],[-96.19595,32.21954],[-96.19741,32.21998],[-96.19726,32.21598],[-96.20032,32.21431],[-96.20294,32.21437],[-96.20466,32.21822],[-96.2091,32.21865],[-96.20863,32.22351],[-96.2111,32.22644],[-96.21489,32.224],[-96.21628,32.22509],[-96.21715,32.23335],[-96.22032,32.23295],[-96.22937,32.23618],[-96.23221,32.24089],[-96.23589,32.24191],[-96.23614,32.24294],[-96.23319,32.2434],[-96.23508,32.2509],[-96.2544,32.25058],[-96.25531,32.24923],[-96.25103,32.24708],[-96.25655,32.24506],[-96.25949,32.25109],[-96.26225,32.24974],[-96.26468,32.25222],[-96.26767,32.2592],[-96.27171,32.25651],[-96.27221,32.25283],[-96.27367,32.25262],[-96.27664,32.25579],[-96.2782,32.26062],[-96.28215,32.25826],[-96.28037,32.25513],[-96.28155,32.25391],[-96.28507,32.25459],[-96.28488,32.26583],[-96.28989,32.26814],[-96.28936,32.27044],[-96.28473,32.27191],[-96.28401,32.27922],[-96.2882,32.2871],[-96.29365,32.29041],[-96.28888,32.29321],[-96.30048,32.29437],[-96.29657,32.29815],[-96.29868,32.30116],[-96.30042,32.30135],[-96.30303,32.29737],[-96.30482,32.29984],[-96.30426,32.30204],[-96.30749,32.30053],[-96.30719,32.29879],[-96.31011,32.2983],[-96.31134,32.29886],[-96.30966,32.29993],[-96.31264,32.30313],[-96.31516,32.3003],[-96.31743,32.30098],[-96.31584,32.30254],[-96.32312,32.3062],[-96.3244,32.30612],[-96.32328,32.30423],[-96.3244,32.30313],[-96.32821,32.30299],[-96.33902,32.30597],[-96.33953,32.30857],[-96.34236,32.30769],[-96.34539,32.30904],[-96.34374,32.3105],[-96.34532,32.31277],[-96.34883,32.31335],[-96.35307,32.31166],[-96.35933,32.31665],[-96.36437,32.31642],[-96.36722,32.31772],[-96.37472,32.32488],[-96.3813,32.32751],[-96.3852,32.33196],[-96.3908,32.33386],[-96.40493,32.32779],[-96.40812,32.3285],[-96.41214,32.33274],[-96.41568,32.33305],[-96.41753,32.33554],[-96.42039,32.33484],[-96.42001,32.33261],[-96.42164,32.33232],[-96.42589,32.33619],[-96.42623,32.33442],[-96.43023,32.33221],[-96.43052,32.33936],[-96.43692,32.34136],[-96.43733,32.34589],[-96.44075,32.34378],[-96.44095,32.34596],[-96.44378,32.34634],[-96.45145,32.34468],[-96.45456,32.35232],[-96.44931,32.35096],[-96.44844,32.3545],[-96.45366,32.35718],[-96.45237,32.35866],[-96.2497,32.35872],[-96.24974,32.35499],[-96.23151,32.35471],[-96.19693,32.35481],[-96.19562,32.3582],[-96.0759,32.3575],[-96.0768,32.83849],[-95.93443,32.83722],[-95.93494,32.84034],[-95.9381,32.84297],[-95.93982,32.84143],[-95.9415,32.84131],[-95.94122,32.84271],[-95.94308,32.84134],[-95.94407,32.84519],[-95.9473,32.8448],[-95.94681,32.84327],[-95.94903,32.84242],[-95.95012,32.84525],[-95.95678,32.84521],[-95.95849,32.85045],[-95.96864,32.85603],[-95.96802,32.85781],[-95.97098,32.85849],[-95.9711,32.86057],[-95.97418,32.86172],[-95.9804,32.86738],[-95.98011,32.86867],[-95.9866,32.87306],[-95.98726,32.87642],[-95.98607,32.88044],[-95.9828,32.88181],[-95.98293,32.88543],[-95.97813,32.88624],[-95.97643,32.89159],[-95.97737,32.89378],[-95.97452,32.89529],[-95.97456,32.89761],[-95.97266,32.89909],[-95.97374,32.89986],[-95.97212,32.90073],[-95.9453,32.97988],[-95.86252,32.97957],[-95.86178,33.21933],[-95.86039,33.21856],[-95.8582,33.22072],[-95.85908,33.22225],[-95.85307,33.22321],[-95.84992,33.22625],[-95.84853,33.22505],[-95.84732,33.2258],[-95.84714,33.22766],[-95.84557,33.22766],[-95.84679,33.23075],[-95.84325,33.23121],[-95.84422,33.23385],[-95.83695,33.23388],[-95.83535,33.23527],[-95.83469,33.23222],[-95.8332,33.23496],[-95.83187,33.23322],[-95.83204,33.23594],[-95.83034,33.23533],[-95.83056,33.23655],[-95.82519,33.23592],[-95.82308,33.23815],[-95.82452,33.23957],[-95.82279,33.23923],[-95.82296,33.24033],[-95.82009,33.24131],[-95.81747,33.23938],[-95.81552,33.23965],[-95.8156,33.24135],[-95.81435,33.24046],[-95.81455,33.24245],[-95.81306,33.2412],[-95.81229,33.24254],[-95.81026,33.24199],[-95.80406,33.2518],[-95.79983,33.25092],[-95.79532,33.25379],[-95.79558,33.25515],[-95.79418,33.25311],[-95.79085,33.25428],[-95.792,33.25504],[-95.78668,33.254],[-95.78377,33.25761],[-95.77899,33.26015],[-95.77773,33.26817],[-95.77516,33.27139],[-95.77708,33.27294],[-95.77192,33.27468],[-95.77424,33.27695],[-95.7717,33.27686],[-95.77108,33.27967],[-95.76981,33.2783],[-95.76638,33.27931],[-95.76772,33.28381],[-95.76321,33.28339],[-95.7635,33.28712],[-95.76033,33.28744],[-95.75882,33.28582],[-95.75646,33.28822],[-95.7595,33.29485],[-95.75819,33.29666],[-95.75408,33.29643],[-95.75062,33.29819],[-95.74722,33.29821],[-95.74741,33.29663],[-95.74198,33.29704],[-95.74359,33.2981],[-95.74024,33.29842],[-95.7416,33.29954],[-95.73942,33.30206],[-95.734,33.30142],[-95.73405,33.30318],[-95.73048,33.30206],[-95.73133,33.30362],[-95.72945,33.30394],[-95.73106,33.30522],[-95.72909,33.30543],[-95.72642,33.30488],[-95.72738,33.30291],[-95.72579,33.30216],[-95.72102,33.30424],[-95.71944,33.30145],[-95.72023,33.29941],[-95.71723,33.30182],[-95.71415,33.30143],[-95.71287,33.3028],[-95.71036,33.30161],[-95.70941,33.30305],[-95.70619,33.30319],[-95.7072,33.30562],[-95.70325,33.30431],[-95.70407,33.30731],[-95.6988,33.30576],[-95.69775,33.30835],[-95.69114,33.30578],[-95.69234,33.30289],[-95.69038,33.30113],[-95.68994,33.30305],[-95.68855,33.302],[-95.68588,33.30347],[-95.68662,33.30111],[-95.68329,33.30001],[-95.67833,33.30367],[-95.67372,33.30212],[-95.66407,33.31029],[-95.6617,33.31141],[-95.65794,33.31028],[-95.65728,33.31308],[-95.65052,33.31003],[-95.64703,33.3112],[-95.64359,33.31315],[-95.64239,33.32104],[-95.63857,33.32331],[-95.63663,33.3229],[-95.63707,33.32535],[-95.63382,33.32438],[-95.63431,33.32585],[-95.62951,33.3276],[-95.62946,33.32911],[-95.62738,33.32884],[-95.62671,33.33119],[-95.62444,33.33105],[-95.62522,33.33349],[-95.62314,33.33269],[-95.6212,33.33581],[-95.61938,33.33521],[-95.61587,33.33832],[-95.61393,33.34379],[-95.61494,33.34527],[-95.61289,33.34829],[-95.60487,33.3507],[-95.60399,33.34911],[-95.60295,33.35159],[-95.59966,33.35223],[-95.59598,33.35528],[-95.58685,33.35871],[-95.58569,33.35776],[-95.58409,33.35944],[-95.58347,33.35822],[-95.58118,33.35898],[-95.57969,33.35444],[-95.57827,33.35535],[-95.57238,33.35403],[-95.57086,33.35617],[-95.56693,33.35741],[-95.56711,33.35535],[-95.56357,33.35593],[-95.56131,33.35492],[-95.56172,33.35328],[-95.5592,33.35386],[-95.5568,33.35102],[-95.55408,33.35328],[-95.5532,33.35193],[-95.55233,33.35762],[-95.54974,33.35836],[-95.54746,33.35576],[-95.54513,33.35754],[-95.54053,33.35772],[-95.5421,33.35931],[-95.53985,33.3605],[-95.53804,33.35872],[-95.53463,33.35954],[-95.53037,33.35662],[-95.5311,33.35415],[-95.52616,33.34901],[-95.51393,33.34629],[-95.51346,33.34811],[-95.5105,33.34955],[-95.50625,33.34817],[-95.50306,33.3503],[-95.50215,33.34766],[-95.50014,33.35014],[-95.49727,33.34891],[-95.49457,33.34966],[-95.49454,33.35092],[-95.49736,33.35133],[-95.49158,33.3542],[-95.48819,33.35353],[-95.48847,33.35199],[-95.48737,33.35077],[-95.48635,33.35163],[-95.4859,33.35001],[-95.48033,33.35169],[-95.47761,33.3565],[-95.47443,33.35437],[-95.46955,33.35797],[-95.46503,33.3568],[-95.46518,33.35791],[-95.46154,33.3585],[-95.46138,33.36037],[-95.45883,33.36041],[-95.45926,33.36189],[-95.45736,33.36265],[-95.45962,33.36464],[-95.45621,33.36845],[-95.45165,33.36532],[-95.4499,33.36654],[-95.44849,33.36424],[-95.44625,33.36522],[-95.44465,33.36429],[-95.44393,33.36605],[-95.44129,33.36271],[-95.43933,33.36428],[-95.44094,33.36667],[-95.43738,33.36418],[-95.43661,33.36578],[-95.43578,33.36412],[-95.43476,33.36629],[-95.43171,33.36614],[-95.43286,33.3678],[-95.43026,33.36687],[-95.42603,33.36837],[-95.42578,33.3668],[-95.4236,33.36708],[-95.42298,33.36992],[-95.42067,33.37013],[-95.41995,33.36891],[-95.41822,33.37103],[-95.41772,33.3687],[-95.41486,33.37114],[-95.41256,33.36994],[-95.41355,33.36882],[-95.41209,33.36761],[-95.40581,33.37125],[-95.40502,33.37009],[-95.40031,33.3717],[-95.39737,33.37045],[-95.3978,33.36719],[-95.39076,33.368],[-95.39104,33.3696],[-95.38552,33.36717],[-95.38508,33.36557],[-95.37949,33.36779],[-95.37896,33.36545],[-95.37808,33.36742],[-95.37213,33.3692],[-95.37143,33.36731],[-95.36967,33.37],[-95.36377,33.3654],[-95.36042,33.36747],[-95.35965,33.36517],[-95.35787,33.36517],[-95.35661,33.36768],[-95.35576,33.36401],[-95.35166,33.36382],[-95.35157,33.36192],[-95.34914,33.36351],[-95.34613,33.36298],[-95.3452,33.36039],[-95.34355,33.36134],[-95.34383,33.36353],[-95.34151,33.3618],[-95.33742,33.36373],[-95.33641,33.36143],[-95.33464,33.36422],[-95.33324,33.36313],[-95.32992,33.36371],[-95.32938,33.36509],[-95.32623,33.36444],[-95.32619,33.36691],[-95.32206,33.36763],[-95.31967,33.36549],[-95.32044,33.36844],[-95.31462,33.36707],[-95.31282,33.37107],[-95.31576,33.3731],[-95.31092,33.37367],[-95.30859,33.37719],[-95.30438,33.37924],[-95.30153,33.37833],[-95.29912,33.38274],[-95.29759,33.3808],[-95.29558,33.38118],[-95.29599,33.37987],[-95.29246,33.38007],[-95.28911,33.37784],[-95.28982,33.37559],[-95.28534,33.37756],[-95.28493,33.37462],[-95.28327,33.37483],[-95.28055,33.37697],[-95.27845,33.37369],[-95.27258,33.37339],[-95.27138,33.37664],[-95.26835,33.37275],[-95.26691,33.37307],[-95.26756,33.37103],[-95.26558,33.37245],[-95.26374,33.37169],[-95.26211,33.3706],[-95.26192,33.36735],[-95.259,33.36693],[-95.26017,33.3697],[-95.25725,33.37053],[-95.25613,33.36769],[-95.25185,33.36794],[-95.25094,33.37068],[-95.24064,33.36823],[-95.23942,33.37074],[-95.23829,33.36928],[-95.23686,33.36927],[-95.23664,33.37087],[-95.2343,33.37071],[-95.235,33.37322],[-95.23371,33.37363],[-95.23079,33.37166],[-95.23179,33.37007],[-95.22818,33.37067],[-95.22905,33.37341],[-95.22782,33.37399],[-95.22965,33.37556],[-95.22025,33.37561],[-95.22301,33.37815],[-95.21815,33.37889],[-95.21706,33.37591],[-95.21146,33.3799],[-95.20909,33.37898],[-95.20636,33.37946],[-95.20639,33.38063],[-95.20107,33.38095],[-95.19446,33.37811],[-95.19875,33.37758],[-95.19684,33.37584],[-95.19883,33.37468],[-95.1907,33.37402],[-95.18597,33.3758],[-95.18848,33.37896],[-95.18633,33.37944],[-95.18502,33.37726],[-95.18308,33.37722],[-95.18223,33.38042],[-95.18005,33.38171],[-95.17701,33.3778],[-95.17623,33.38038],[-95.17462,33.38042],[-95.17511,33.38212],[-95.17328,33.3829],[-95.17249,33.37978],[-95.17083,33.37978],[-95.1699,33.38278],[-95.1661,33.38274],[-95.16558,33.38551],[-95.16081,33.38418],[-95.16094,33.38296],[-95.1581,33.38312],[-95.16228,33.3801],[-95.156,33.38008],[-95.15344,33.38076],[-95.15404,33.38214],[-95.14658,33.38296],[-95.1456,33.38204],[-95.14293,33.38328],[-95.14598,33.38804],[-95.14006,33.38532],[-95.13768,33.38703],[-95.13392,33.38609],[-95.12545,33.38945],[-95.12453,33.25715],[-95.12613,33.03458],[-95.12893,33.03377],[-95.13034,33.03216],[-95.12915,33.03136],[-95.13188,33.02981],[-95.13394,33.03132],[-95.13721,33.03094],[-95.13871,33.02623],[-95.14745,33.02087],[-95.14895,33.01587],[-95.15221,33.01345],[-95.14996,33.006],[-95.15225,32.99028],[-95.15259,32.94929],[-95.15341,32.57011],[-95.15014,32.57229],[-95.15059,32.56996],[-95.14841,32.56875],[-95.14568,32.56957],[-95.14431,32.5638],[-95.14069,32.55968],[-95.14066,32.5511],[-95.13543,32.54801],[-95.12263,32.54982],[-95.11879,32.5425],[-95.11469,32.54532],[-95.11271,32.55092],[-95.09902,32.5524],[-95.09895,32.54998],[-95.09756,32.54966],[-95.09648,32.55044],[-95.09798,32.55608],[-95.09558,32.55517],[-95.09326,32.55768],[-95.08706,32.55607],[-95.08505,32.55784],[-95.08597,32.55463],[-95.08442,32.55298],[-95.08149,32.55587],[-95.07912,32.55612],[-95.07898,32.55311],[-95.08355,32.54645],[-95.08387,32.54254],[-95.07624,32.53934],[-95.07579,32.53722],[-95.07243,32.53852],[-95.0714,32.54113],[-95.06594,32.53769],[-95.05877,32.53871],[-95.05644,32.54052],[-95.05074,32.5382],[-95.04486,32.54224],[-95.04352,32.54109],[-95.04626,32.53925],[-95.04332,32.53576],[-95.04327,32.53247],[-95.04076,32.53229],[-95.02482,32.537],[-95.02417,32.53832],[-95.02806,32.54068],[-95.0266,32.54582],[-95.02417,32.54742],[-95.02097,32.54673],[-95.01945,32.54341],[-95.01544,32.54314],[-95.01712,32.5378],[-95.01544,32.53228],[-95.0174,32.52695],[-95.02248,32.52211],[-95.01747,32.5184],[-95.0116,32.51648],[-95.00869,32.51681],[-95.00478,32.52091],[-94.99854,32.52192],[-94.98694,32.53725],[-94.9864,32.37084],[-94.89586,32.36962],[-94.8716,32.37068],[-94.66276,32.37059],[-94.65308,32.36852],[-94.63975,32.37078],[-94.62716,32.36569],[-94.61367,32.36314],[-94.60503,32.35995],[-94.60078,32.36004],[-94.5942,32.36614],[-94.59139,32.36565],[-94.57922,32.39492],[-94.56504,32.39926],[-94.55442,32.40762],[-94.55055,32.40683],[-94.55104,32.40371],[-94.54462,32.4025],[-94.54215,32.39945],[-94.53268,32.40332],[-94.52599,32.40232],[-94.52732,32.39935],[-94.52494,32.39846],[-94.52787,32.39618],[-94.5272,32.39332],[-94.52555,32.3925],[-94.52283,32.39532],[-94.52079,32.39424],[-94.52129,32.39224],[-94.5201,32.39043],[-94.51787,32.39046],[-94.51701,32.38756],[-94.51416,32.38751],[-94.51299,32.39025],[-94.5102,32.39114],[-94.50724,32.38872],[-94.50715,32.39455],[-94.50169,32.39792],[-94.49849,32.39672],[-94.49847,32.39466],[-94.49182,32.39414],[-94.48377,32.38957],[-94.47988,32.3906],[-94.47807,32.38537],[-94.47561,32.38435],[-94.4739,32.38018],[-94.47663,32.38142],[-94.47729,32.37889],[-94.46407,32.37685],[-94.46284,32.37222],[-94.45605,32.36925],[-94.44642,32.37189],[-94.44646,32.36697],[-94.44189,32.36513],[-94.44055,32.3621],[-94.4384,32.36156],[-94.42938,32.36264],[-94.42805,32.36698],[-94.42199,32.36954],[-94.41949,32.36481],[-94.41733,32.36471],[-94.41659,32.36859],[-94.40912,32.36738],[-94.41137,32.37127],[-94.40921,32.37117],[-94.40821,32.36935],[-94.40402,32.36984],[-94.39998,32.36663],[-94.39728,32.36652],[-94.39457,32.36876],[-94.38942,32.36778],[-94.38849,32.36498],[-94.38458,32.3668],[-94.38271,32.36585],[-94.38305,32.35626],[-94.37969,32.348],[-94.38218,32.34832],[-94.38291,32.34573],[-94.37883,32.34238],[-94.37212,32.34109],[-94.37191,32.346],[-94.36781,32.3463],[-94.3663,32.3422],[-94.36173,32.34054],[-94.3609,32.33694],[-94.35713,32.33478],[-94.35653,32.3293],[-94.35064,32.32658],[-94.34915,32.32753],[-94.35012,32.32957],[-94.34869,32.33232],[-94.34756,32.33068],[-94.0429,32.39228],[-94.04183,31.9924],[-94.02928,31.99587],[-94.01726,31.98934],[-94.01642,31.98085],[-94.00736,31.97377],[-93.99376,31.9515],[-93.98738,31.94344],[-93.98159,31.94007],[-93.9796,31.93667],[-93.97932,31.93073],[-93.97394,31.92167],[-93.968,31.91997],[-93.96178,31.92399],[-93.95894,31.92223],[-93.95355,31.91056],[-93.9292,31.91176],[-93.92326,31.90779],[-93.92184,31.90553],[-93.92297,31.9027],[-93.9309,31.89647],[-93.93223,31.89351],[-93.92665,31.88826],[-93.92212,31.88571],[-93.91986,31.88769],[-93.91959,31.89075],[-93.91595,31.89286],[-93.90742,31.89247],[-93.90315,31.89618],[-93.89741,31.89444],[-93.89664,31.88729],[-93.90189,31.88006],[-93.90246,31.87528],[-93.89947,31.87353],[-93.8961,31.87622],[-93.89296,31.87632],[-93.88925,31.86903],[-93.88503,31.86589],[-93.88256,31.86685],[-93.88078,31.86475],[-93.88249,31.86193],[-93.88879,31.85771],[-93.88898,31.85572],[-93.88798,31.85458],[-93.8835,31.85506],[-93.88181,31.85225],[-93.88444,31.84987],[-93.8835,31.84704],[-93.87482,31.84061],[-93.87312,31.83666],[-93.87713,31.83218],[-93.87407,31.82535],[-93.87476,31.82166],[-93.87092,31.81684],[-93.87325,31.81489],[-93.87084,31.81378],[-93.86732,31.81532],[-93.86138,31.8123],[-93.85932,31.80912],[-93.85339,31.80547],[-93.85353,31.80261],[-93.85148,31.80015],[-93.84763,31.79964],[-93.84619,31.80202],[-93.83934,31.80033],[-93.83561,31.79449],[-93.83687,31.78873],[-93.83465,31.78331],[-93.8226,31.77356],[-93.82527,31.76737],[-93.82959,31.7642],[-93.82681,31.76378],[-93.82617,31.76233],[-93.83044,31.75583],[-93.8361,31.75159],[-93.8361,31.74852],[-93.82997,31.74451],[-93.82458,31.7344],[-93.81677,31.73084],[-93.81347,31.72588],[-93.81249,31.71521],[-93.81692,31.70876],[-93.81629,31.7075],[-93.81148,31.70722],[-93.81112,31.70368],[-93.8084,31.70285],[-93.79762,31.70555],[-93.79499,31.70481],[-93.79455,31.70208],[-93.80448,31.68566],[-93.81394,31.67589],[-93.81276,31.66976],[-93.81518,31.66795],[-93.81686,31.66863],[-93.81889,31.67377],[-93.82205,31.67397],[-93.82646,31.66692],[-93.82566,31.66102],[-93.82007,31.6542],[-93.81804,31.64789],[-93.81596,31.63228],[-93.82059,31.62971],[-93.82072,31.62799],[-93.81724,31.62555],[-93.81684,31.62251],[-93.82717,31.62028],[-93.81879,31.6166],[-93.81872,31.61456],[-93.82629,31.6149],[-93.83044,31.6136],[-93.83806,31.6068],[-93.83938,31.59908],[-93.83492,31.58621],[-93.83036,31.57935],[-93.82715,31.57848],[-93.81843,31.57094],[-93.81915,31.56893],[-93.82296,31.56813],[-93.82156,31.5637],[-93.81686,31.56308],[-93.81836,31.56016],[-93.82109,31.56034],[-93.81858,31.55483],[-93.81397,31.55056],[-93.81025,31.54988],[-93.8083,31.54638],[-93.79954,31.54298],[-93.80336,31.53879],[-93.79921,31.53808],[-93.79809,31.53404],[-93.7903,31.53077],[-93.78769,31.52734],[-93.78084,31.52538],[-93.76006,31.52393],[-93.75488,31.5248],[-93.75413,31.52641],[-93.75761,31.52755],[-93.75811,31.52987],[-93.7547,31.52986],[-93.75189,31.52748],[-93.74774,31.53069],[-93.74734,31.52839],[-93.74277,31.52686],[-93.74056,31.51853],[-93.74458,31.51759],[-93.7422,31.51547],[-93.73343,31.51322],[-93.71344,31.51484],[-93.71158,31.51279],[-93.71155,31.51013],[-93.7191,31.50399],[-93.72429,31.4922],[-93.72759,31.4889],[-93.74188,31.48353],[-93.74515,31.48564],[-93.75185,31.48312],[-93.7522,31.47955],[-93.75063,31.47903],[-93.748,31.48165],[-93.74554,31.4804],[-93.74948,31.46869],[-93.74184,31.46585],[-93.73151,31.45747],[-93.72209,31.4535],[-93.71773,31.45711],[-93.70997,31.45276],[-93.70913,31.45675],[-93.70393,31.45549],[-93.70919,31.44504],[-93.70894,31.44171],[-93.70589,31.44033],[-93.69269,31.44056],[-93.69253,31.4382],[-93.70468,31.4189],[-93.70488,31.41088],[-93.70161,31.40933],[-93.69587,31.40939],[-93.68813,31.40476],[-93.68136,31.39804],[-93.67656,31.39873],[-93.67412,31.39768],[-93.6706,31.38882],[-93.66899,31.37265],[-93.66999,31.37048],[-93.67316,31.37113],[-93.67338,31.36882],[-93.67011,31.3657],[-93.6566,31.36736],[-93.64029,31.37256],[-93.63926,31.37153],[-93.64663,31.35859],[-93.66844,31.35301],[-93.6688,31.3396],[-93.67728,31.33048],[-93.67355,31.32454],[-93.67519,31.32205],[-93.68111,31.32012],[-93.68785,31.30983],[-93.68688,31.30517],[-93.68404,31.30177],[-93.67544,31.30104],[-93.66741,31.29705],[-93.65986,31.28196],[-93.657,31.28174],[-93.6509,31.28432],[-93.64737,31.28173],[-93.64407,31.27159],[-93.64147,31.26994],[-93.62284,31.27206],[-93.62034,31.27102],[-93.61884,31.2638],[-93.61459,31.26145],[-93.61394,31.25937],[-93.61543,31.25612],[-93.61429,31.25163],[-93.62168,31.24859],[-93.61631,31.24459],[-93.6162,31.23755],[-93.61798,31.2325],[-93.6107,31.23215],[-93.60875,31.22801],[-93.59839,31.2311],[-93.59656,31.22966],[-93.59909,31.22418],[-93.59504,31.22104],[-93.60314,31.21706],[-93.60354,31.21067],[-93.60729,31.2054],[-93.60186,31.19939],[-93.60244,31.18254],[-93.60031,31.17616],[-93.91113,31.15807],[-94.04022,31.13425],[-94.0484,31.1456],[-94.04868,31.15147],[-94.04162,31.1721],[-94.03869,31.17612],[-94.03858,31.21772],[-94.0339,31.23313],[-94.02982,31.2401],[-94.02912,31.2514],[-94.03015,31.25692],[-94.0348,31.26292],[-94.03778,31.27362],[-94.0371,31.28056],[-94.03882,31.28789],[-94.04711,31.29591],[-94.04726,31.29854],[-94.04404,31.30126],[-94.04521,31.30696],[-94.04172,31.3146],[-94.04332,31.32421],[-94.03712,31.33288],[-94.04163,31.34046],[-94.03701,31.34544],[-94.02999,31.35943],[-94.02264,31.36384],[-94.02173,31.36587],[-94.02619,31.38152],[-94.04415,31.40998],[-94.00019,31.44836],[-93.98324,31.46611],[-93.98446,31.56942],[-94.09081,31.62062],[-94.39909,31.6536],[-94.39962,31.64919],[-94.39798,31.64935],[-94.3975,31.64713],[-94.39522,31.64764],[-94.39538,31.64479],[-94.3976,31.64375],[-94.39436,31.64079],[-94.39528,31.63864],[-94.38959,31.6394],[-94.38943,31.63745],[-94.3883,31.63764],[-94.3873,31.64022],[-94.38598,31.63822],[-94.38526,31.63968],[-94.38414,31.6376],[-94.37853,31.63577],[-94.37492,31.63902],[-94.37368,31.63552],[-94.37185,31.63455],[-94.3699,31.63567],[-94.36969,31.63257],[-94.36821,31.6343],[-94.36805,31.63209],[-94.36695,31.63365],[-94.36572,31.63276],[-94.36654,31.63135],[-94.36449,31.63017],[-94.36786,31.62803],[-94.36484,31.62579],[-94.3673,31.62597],[-94.36714,31.62402],[-94.36416,31.6245],[-94.35866,31.62184],[-94.35747,31.6232],[-94.35589,31.62133],[-94.35815,31.62002],[-94.35458,31.61772],[-94.35646,31.61537],[-94.35204,31.61444],[-94.35293,31.61196],[-94.3514,31.61154],[-94.35022,31.60642],[-94.34864,31.60543],[-94.34583,31.60816],[-94.34397,31.60739],[-94.34444,31.6058],[-94.34197,31.60594],[-94.33989,31.60872],[-94.33996,31.60558],[-94.3375,31.60473],[-94.33568,31.60046],[-94.33366,31.60277],[-94.33319,31.60098],[-94.33444,31.60088],[-94.33271,31.59963],[-94.33153,31.60143],[-94.33185,31.59899],[-94.32992,31.59931],[-94.32988,31.59686],[-94.32762,31.59674],[-94.32882,31.59384],[-94.32662,31.59479],[-94.32631,31.59332],[-94.3282,31.59245],[-94.32516,31.59127],[-94.32277,31.5924],[-94.32252,31.59051],[-94.31705,31.59033],[-94.31628,31.58845],[-94.31494,31.58984],[-94.31326,31.58927],[-94.31367,31.58812],[-94.31089,31.58904],[-94.31179,31.58331],[-94.31338,31.5835],[-94.31304,31.58056],[-94.31065,31.57962],[-94.31384,31.57861],[-94.3134,31.57554],[-94.31073,31.57663],[-94.31084,31.57361],[-94.30793,31.57292],[-94.30916,31.57169],[-94.30558,31.57093],[-94.30836,31.56922],[-94.30622,31.569],[-94.30802,31.56749],[-94.30619,31.56684],[-94.30732,31.56595],[-94.30569,31.56608],[-94.30492,31.56335],[-94.30754,31.55876],[-94.30697,31.5554],[-94.30852,31.55495],[-94.3069,31.55187],[-94.30858,31.55191],[-94.3053,31.55008],[-94.30603,31.54866],[-94.30408,31.54668],[-94.30647,31.5475],[-94.30531,31.53881],[-94.30766,31.53822],[-94.30579,31.53637],[-94.30412,31.53716],[-94.30508,31.53439],[-94.30251,31.53366],[-94.30693,31.5307],[-94.3027,31.53006],[-94.30012,31.52678],[-94.30369,31.5267],[-94.30715,31.52364],[-94.30927,31.52426],[-94.30989,31.52255],[-94.30812,31.52234],[-94.30673,31.51979],[-94.30814,31.52037],[-94.31013,31.51702],[-94.30804,31.51835],[-94.3068,31.51659],[-94.31052,31.51619],[-94.30905,31.51468],[-94.30444,31.51499],[-94.3037,31.51219],[-94.30229,31.51195],[-94.30337,31.50857],[-94.30222,31.50514],[-94.30445,31.50579],[-94.30553,31.49661],[-94.30758,31.49693],[-94.30676,31.4959],[-94.31122,31.49459],[-94.30728,31.49332],[-94.30775,31.49228],[-94.31162,31.49292],[-94.31395,31.49628],[-94.31611,31.49561],[-94.31393,31.4926],[-94.31523,31.48825],[-94.31391,31.48648],[-94.31707,31.4853],[-94.31904,31.47838],[-94.3173,31.47499],[-94.31627,31.47568],[-94.31414,31.47306],[-94.31662,31.47111],[-94.31192,31.46887],[-94.3141,31.4679],[-94.31206,31.46772],[-94.3149,31.46419],[-94.31291,31.46098],[-94.31556,31.45769],[-94.31409,31.45758],[-94.31493,31.45584],[-94.31618,31.45687],[-94.31718,31.45569],[-94.31612,31.45331],[-94.318,31.45323],[-94.31577,31.45016],[-94.31805,31.45052],[-94.31758,31.44935],[-94.31553,31.44792],[-94.31796,31.4449],[-94.32093,31.44494],[-94.32168,31.44025],[-94.32499,31.43941],[-94.32094,31.43954],[-94.32072,31.43825],[-94.31958,31.43912],[-94.31934,31.43596],[-94.31747,31.43681],[-94.31485,31.43575],[-94.31628,31.433],[-94.3133,31.43235],[-94.3164,31.43083],[-94.30958,31.42829],[-94.31011,31.42529],[-94.30864,31.42562],[-94.30838,31.42358],[-94.30526,31.42185],[-94.30664,31.41792],[-94.30952,31.41623],[-94.30811,31.41447],[-94.3145,31.41041],[-94.31279,31.40433],[-94.31743,31.40206],[-94.31875,31.40355],[-94.3167,31.405],[-94.31916,31.40567],[-94.32693,31.39999],[-94.32376,31.39071],[-94.32551,31.39077],[-94.32564,31.38871],[-94.32281,31.38804],[-94.3244,31.38652],[-94.32308,31.38564],[-94.32603,31.38572],[-94.32778,31.38414],[-94.3265,31.38017],[-94.32387,31.38098],[-94.32621,31.37666],[-94.32458,31.37572],[-94.3265,31.37519],[-94.32568,31.37271],[-94.3279,31.37256],[-94.3256,31.3718],[-94.32591,31.36925],[-94.32767,31.36935],[-94.32633,31.36742],[-94.3297,31.36679],[-94.32805,31.36628],[-94.32898,31.36381],[-94.33057,31.36439],[-94.33093,31.36332],[-94.32871,31.36178],[-94.33036,31.35995],[-94.32617,31.35791],[-94.32555,31.35545],[-94.32688,31.35402],[-94.325,31.35137],[-94.32191,31.35029],[-94.32385,31.34933],[-94.32113,31.34822],[-94.32256,31.34745],[-94.32011,31.34578],[-94.32112,31.34491],[-94.31895,31.34512],[-94.31885,31.34337],[-94.31778,31.34479],[-94.31722,31.34241],[-94.31887,31.34279],[-94.31881,31.34145],[-94.31584,31.34081],[-94.3165,31.33913],[-94.31344,31.33752],[-94.31545,31.33713],[-94.3184,31.33189],[-94.31554,31.32902],[-94.31546,31.32712],[-94.31779,31.32619],[-94.31721,31.32393],[-94.31872,31.32525],[-94.32006,31.32489],[-94.31965,31.32305],[-94.32222,31.32358],[-94.32214,31.32044],[-94.319,31.31856],[-94.31916,31.31608],[-94.32095,31.31635],[-94.31768,31.31504],[-94.31787,31.31136],[-94.31568,31.31048],[-94.31645,31.30896],[-94.31863,31.30942],[-94.31795,31.30745],[-94.31512,31.30844],[-94.31593,31.3045],[-94.31819,31.30409],[-94.31825,31.30204],[-94.32121,31.30158],[-94.3206,31.30001],[-94.32555,31.29392],[-94.3201,31.29458],[-94.32683,31.29076],[-94.32435,31.29066],[-94.32219,31.28551],[-94.32476,31.28569],[-94.32393,31.28302],[-94.32698,31.2826],[-94.32704,31.28146],[-94.32841,31.28213],[-94.33245,31.27774],[-94.33076,31.27474],[-94.33747,31.26902],[-94.33963,31.26327],[-94.3383,31.2628],[-94.33957,31.26087],[-94.33707,31.26057],[-94.33415,31.25786],[-94.33251,31.25105],[-94.33102,31.25184],[-94.32889,31.2507],[-94.33125,31.25112],[-94.33403,31.24839],[-94.33387,31.24586],[-94.33816,31.24586],[-94.33663,31.24339],[-94.3387,31.24297],[-94.33977,31.24082],[-94.33534,31.2408],[-94.33444,31.23574],[-94.33268,31.23662],[-94.32765,31.23244],[-94.32762,31.23045],[-94.32646,31.2316],[-94.32446,31.23016],[-94.32662,31.22475],[-94.32489,31.22381],[-94.32201,31.2247],[-94.32117,31.22188],[-94.31256,31.22374],[-94.31178,31.22221],[-94.31315,31.2215],[-94.311,31.22],[-94.31235,31.21786],[-94.30851,31.2172],[-94.30739,31.21466],[-94.30336,31.21495],[-94.30614,31.2129],[-94.30251,31.21146],[-94.29445,31.21265],[-94.29337,31.20817],[-94.29055,31.20781],[-94.29134,31.20598],[-94.28788,31.20133],[-94.28222,31.20217],[-94.28085,31.20055],[-94.27744,31.20107],[-94.27759,31.19825],[-94.27367,31.19894],[-94.26986,31.19624],[-94.26446,31.18988],[-94.26634,31.18783],[-94.26221,31.18033],[-94.26082,31.18017],[-94.2608,31.18308],[-94.25611,31.1821],[-94.25536,31.18522],[-94.25057,31.18828],[-94.24976,31.1869],[-94.25181,31.18484],[-94.25098,31.18366],[-94.24715,31.1845],[-94.2459,31.1801],[-94.24922,31.17748],[-94.24494,31.17672],[-94.23922,31.18027],[-94.2384,31.17835],[-94.23282,31.17759],[-94.23334,31.17511],[-94.2251,31.17599],[-94.2233,31.1737],[-94.219,31.17327],[-94.22048,31.17167],[-94.21956,31.16442],[-94.21588,31.16226],[-94.21592,31.15999],[-94.21124,31.1601],[-94.2118,31.15723],[-94.20292,31.15397],[-94.20356,31.15084],[-94.20673,31.15225],[-94.20754,31.15129],[-94.19922,31.14565],[-94.19882,31.14437],[-94.20124,31.14423],[-94.20035,31.14304],[-94.19458,31.13958],[-94.18976,31.13965],[-94.19273,31.13545],[-94.1885,31.13754],[-94.19,31.13473],[-94.18174,31.12977],[-94.17859,31.12396],[-94.17317,31.12626],[-94.17076,31.12297],[-94.1655,31.12396],[-94.16155,31.12239],[-94.15736,31.11878],[-94.15761,31.11458],[-94.15476,31.11607],[-94.15168,31.11471],[-94.14388,31.11476],[-94.14488,31.11266],[-94.14129,31.10935],[-94.14253,31.10732],[-94.13971,31.10792],[-94.1391,31.10658],[-94.1402,31.10455],[-94.13396,31.10769],[-94.13072,31.10575],[-94.132,31.10106],[-94.12963,31.09928],[-94.46403,31.03269],[-94.46956,31.02763],[-94.47322,31.02639],[-94.48546,31.03136],[-94.48531,31.0384],[-94.49083,31.03864],[-94.4906,31.04333],[-94.4923,31.04499],[-94.49566,31.04196],[-94.50013,31.04229],[-94.50145,31.0443],[-94.50397,31.0435],[-94.50594,31.04575],[-94.50893,31.04327],[-94.51004,31.04674],[-94.51211,31.04614],[-94.51809,31.05164],[-94.52108,31.05096],[-94.52129,31.04864],[-94.52316,31.04866],[-94.52288,31.05252],[-94.52658,31.05175],[-94.52695,31.05592],[-94.52841,31.05366],[-94.53373,31.05682],[-94.5335,31.05365],[-94.53637,31.05183],[-94.53821,31.05445],[-94.54241,31.05338],[-94.54375,31.05425],[-94.54749,31.05913],[-94.54928,31.0579],[-94.54721,31.05467],[-94.54847,31.05339],[-94.54952,31.05504],[-94.55476,31.05494],[-94.55431,31.0575],[-94.55807,31.05699],[-94.55798,31.05898],[-94.56028,31.05787],[-94.56194,31.05895],[-94.5608,31.06098],[-94.56292,31.06365],[-94.56275,31.0621],[-94.56774,31.06422],[-94.56862,31.0616],[-94.56891,31.06413],[-94.57088,31.06322],[-94.5745,31.06857],[-94.57539,31.06726],[-94.5791,31.06877],[-94.5822,31.06804],[-94.58222,31.06481],[-94.5859,31.06652],[-94.58949,31.06609],[-94.592,31.06787],[-94.59094,31.0707],[-94.59441,31.07282],[-94.59529,31.07057],[-94.59892,31.06856],[-94.60244,31.07119],[-94.60205,31.07408],[-94.60456,31.07755],[-94.60514,31.07467],[-94.60735,31.07784],[-94.61123,31.07751],[-94.6123,31.07896],[-94.60949,31.08186],[-94.61115,31.08256],[-94.61287,31.08073],[-94.61462,31.08116],[-94.61287,31.08202],[-94.61443,31.08272],[-94.61425,31.08483],[-94.61685,31.08363],[-94.61955,31.08626],[-94.62194,31.08558],[-94.62228,31.0873],[-94.6234,31.08555],[-94.62553,31.08667],[-94.62821,31.08377],[-94.63027,31.08367],[-94.63505,31.09001],[-94.63993,31.0869],[-94.64276,31.08782],[-94.64725,31.09396],[-94.64796,31.09867],[-94.65031,31.09853],[-94.65505,31.09376],[-94.65427,31.09052],[-94.65794,31.08492],[-94.66364,31.0865],[-94.66324,31.08814],[-94.66776,31.08933],[-94.66879,31.08799],[-94.6707,31.08836],[-94.67265,31.0925],[-94.67003,31.09363],[-94.67062,31.09536],[-94.67301,31.09583],[-94.67878,31.09321],[-94.67927,31.09604],[-94.68662,31.09619],[-94.69046,31.09795],[-94.69017,31.09649],[-94.69195,31.09572],[-94.6967,31.09868],[-94.69796,31.09806],[-94.69686,31.09636],[-94.69835,31.09625],[-94.69918,31.09925],[-94.70291,31.10199],[-94.70482,31.099],[-94.70643,31.0997],[-94.70563,31.10244],[-94.7088,31.10114],[-94.70981,31.10399],[-94.70789,31.10474],[-94.71152,31.1056],[-94.71256,31.10376],[-94.71391,31.10472],[-94.71575,31.10371],[-94.71587,31.10542],[-94.71862,31.10699],[-94.72183,31.10624],[-94.72337,31.10834],[-94.72528,31.10627],[-94.73859,31.10369],[-94.74542,31.10663],[-94.75134,31.10546],[-94.75461,31.10915],[-94.76074,31.11106],[-94.76521,31.11482],[-94.76846,31.11501],[-94.76948,31.11716],[-94.77285,31.11669],[-94.77646,31.1186],[-94.78108,31.12358],[-94.7826,31.1222],[-94.79016,31.12414],[-94.79539,31.12759],[-94.7935,31.12806],[-94.79611,31.13076],[-94.80255,31.1322],[-94.80325,31.13013],[-94.81275,31.1334],[-94.81329,31.13048],[-94.81846,31.13218],[-94.82232,31.14002],[-94.82484,31.13826],[-94.82734,31.13979],[-94.82938,31.13866],[-94.83128,31.1414],[-94.83609,31.14149],[-94.83697,31.14334],[-94.84166,31.14324],[-94.84295,31.14658],[-94.93924,31.04198],[-95.20018,30.82457],[-95.20764,30.83238],[-95.21656,30.83372],[-95.2229,30.83632],[-95.23209,30.84282],[-95.23626,30.85844],[-95.2431,30.86686],[-95.23774,30.8736],[-95.23078,30.88701],[-95.24628,30.90401],[-95.25238,30.90672],[-95.2723,30.90386],[-95.28018,30.90129],[-95.28924,30.90285],[-95.30083,30.90231],[-95.3129,30.89787],[-95.31432,30.89535],[-95.31073,30.88838],[-95.3167,30.87884],[-95.3139,30.8731],[-95.31724,30.86947],[-95.32141,30.8678],[-95.3241,30.86189],[-95.32748,30.85955],[-95.33105,30.86096],[-95.33692,30.87162],[-95.34253,30.87565],[-95.34534,30.87534],[-95.35025,30.86855],[-95.34975,30.86045],[-95.35207,30.85695],[-95.36364,30.85467],[-95.37522,30.85572],[-95.38328,30.85296],[-95.38863,30.85591],[-95.3967,30.85771],[-95.39875,30.86112],[-95.39838,30.86718],[-95.39157,30.87596],[-95.39958,30.88066],[-95.39876,30.88226],[-95.39718,30.88324],[-95.39249,30.88006],[-95.3864,30.87867],[-95.38135,30.8793],[-95.38023,30.88008],[-95.38125,30.88706],[-95.3997,30.8929],[-95.40474,30.89806],[-95.40624,30.90584],[-95.4155,30.90786],[-95.41515,30.90957],[-95.41127,30.91153],[-95.41093,30.91373],[-95.414,30.91806],[-95.41008,30.9277],[-95.41082,30.93035],[-95.42107,30.93643],[-95.43434,30.93741],[-95.43478,31.0581],[-95.61787,30.93042],[-95.62162,30.92483],[-95.61193,30.91826],[-95.61503,30.91751],[-95.61578,30.91523],[-95.6138,30.91456],[-95.61411,30.91299],[-95.61709,30.91032],[-95.61893,30.91372],[-95.62145,30.91362],[-95.62164,30.9116],[-95.62392,30.91184],[-95.62635,30.9095],[-95.62732,30.91072],[-95.62961,30.90857],[-95.62961,30.90342],[-95.62794,30.903],[-95.6296,30.90008],[-95.63176,30.90088],[-95.63312,30.89935],[-95.63533,30.9014],[-95.63701,30.89944],[-95.63916,30.90085],[-95.64355,30.90012],[-95.64557,30.89754],[-95.64896,30.89724],[-95.64932,30.89533],[-95.6545,30.89324],[-95.65609,30.89349],[-95.65516,30.89667],[-95.66144,30.89696],[-95.66162,30.89817],[-95.65932,30.89829],[-95.66381,30.90412],[-95.66617,30.90338],[-95.66627,30.90501],[-95.6716,30.90335],[-95.674,30.90538],[-95.67793,30.90614],[-95.68158,30.90492],[-95.68271,30.90613],[-95.68558,30.9035],[-95.68534,30.90173],[-95.68686,30.90097],[-95.6905,30.90236],[-95.69127,30.90106],[-95.6976,30.90443],[-95.69553,30.90653],[-95.69724,30.90775],[-95.70577,30.9078],[-95.70975,30.90642],[-95.71243,30.90778],[-95.71121,30.90936],[-95.7126,30.90909],[-95.71224,30.91058],[-95.71642,30.91009],[-95.71651,30.9114],[-95.71871,30.90859],[-95.72318,30.90854],[-95.72315,30.90729],[-95.72591,30.90659],[-95.73072,30.90224],[-95.73225,30.90309],[-95.73339,30.90006],[-95.73874,30.89921],[-95.73875,30.9008],[-95.74333,30.90242],[-95.74398,30.90071],[-95.74564,30.90229],[-95.75016,30.90167],[-95.75393,30.89917],[-95.75854,30.89928],[-95.76229,30.89736],[-95.76202,30.89604],[-95.76493,30.89633],[-95.7652,30.89316],[-95.76874,30.89264],[-95.76933,30.88967],[-95.77703,30.88567],[-95.77939,30.88295],[-95.78112,30.88376],[-95.78499,30.88091],[-95.78453,30.87931],[-95.79642,30.8782],[-95.80914,30.87224],[-95.81306,30.86761],[-95.81694,30.86924],[-95.82782,30.8659],[-95.82692,30.86383],[-95.82995,30.8621],[-95.83303,30.86381],[-95.83198,30.86469],[-95.83509,30.86507],[-95.83645,30.86377],[-95.84219,30.86333],[-95.84316,30.86187],[-95.84912,30.86303],[-95.85028,30.86763],[-95.8562,30.8652],[-95.86227,30.86536]]]}},{"type":"Feature","properties":{"weather_zone":"FWEST"},"geometry":{"type":"Polygon","coordinates":[[[-102.3246,29.8731],[-102.32346,29.86392],[-102.33157,29.86281],[-102.33338,29.86805],[-102.34103,29.8693],[-102.34455,29.86468],[-102.34986,29.86232],[-102.35195,29.85312],[-102.36124,29.84913],[-102.36454,29.84539],[-102.36251,29.83316],[-102.36952,29.8204],[-102.37725,29.80016],[-102.37731,29.78997],[-102.38967,29.7826],[-102.38513,29.77147],[-102.38636,29.76241],[-102.38832,29.76127],[-102.39393,29.76869],[-102.39762,29.76964],[-102.40454,29.76518],[-102.40977,29.76472],[-102.41173,29.76773],[-102.41544,29.76942],[-102.42147,29.76926],[-102.4333,29.77661],[-102.43511,29.77676],[-102.4393,29.77326],[-102.44632,29.77742],[-102.45827,29.77478],[-102.46304,29.78205],[-102.46643,29.78365],[-102.47323,29.77602],[-102.48026,29.77601],[-102.48203,29.77736],[-102.48158,29.78244],[-102.48725,29.78658],[-102.4996,29.78143],[-102.51753,29.78396],[-102.51943,29.78045],[-102.51057,29.77318],[-102.51338,29.76576],[-102.52003,29.76101],[-102.53172,29.75635],[-102.54238,29.7471],[-102.54826,29.7446],[-102.55486,29.74909],[-102.55518,29.75586],[-102.55934,29.76038],[-102.56175,29.76609],[-102.56766,29.77146],[-102.57363,29.7682],[-102.5721,29.75673],[-102.57414,29.75477],[-102.57922,29.75537],[-102.58849,29.74933],[-102.59348,29.7495],[-102.59716,29.75161],[-102.61035,29.74777],[-102.61288,29.74818],[-102.62253,29.73663],[-102.63015,29.73432],[-102.6391,29.73351],[-102.66125,29.73612],[-102.66744,29.73964],[-102.66739,29.74466],[-102.66903,29.74611],[-102.67578,29.74308],[-102.68153,29.72838],[-102.68506,29.72687],[-102.68816,29.72249],[-102.69053,29.72267],[-102.69137,29.72137],[-102.68915,29.70494],[-102.69685,29.69885],[-102.69835,29.69559],[-102.69932,29.68503],[-102.69638,29.68262],[-102.69347,29.67651],[-102.69741,29.67163],[-102.70096,29.67251],[-102.70408,29.67134],[-102.70894,29.66652],[-102.7129,29.65804],[-102.72283,29.65143],[-102.72574,29.65142],[-102.72421,29.64759],[-102.72721,29.6422],[-102.72978,29.64065],[-102.73695,29.64154],[-102.74218,29.63251],[-102.73843,29.62193],[-102.73877,29.60937],[-102.74156,29.60283],[-102.73999,29.59904],[-102.7462,29.59287],[-102.76189,29.59864],[-102.76579,29.59752],[-102.76834,29.59473],[-102.76224,29.57945],[-102.76612,29.57235],[-102.76763,29.5718],[-102.76988,29.57373],[-102.77396,29.57308],[-102.77356,29.56657],[-102.77728,29.56147],[-102.77753,29.5565],[-102.77572,29.55219],[-102.77143,29.54855],[-102.77606,29.54725],[-102.78027,29.54247],[-102.78333,29.54192],[-102.78927,29.54368],[-102.79145,29.54282],[-102.79303,29.53995],[-102.79159,29.53622],[-102.79257,29.53244],[-102.79632,29.53069],[-102.79844,29.52667],[-102.80869,29.52232],[-102.80648,29.51576],[-102.80747,29.50385],[-102.80447,29.50159],[-102.80733,29.49401],[-102.80067,29.48623],[-102.80354,29.48405],[-102.81395,29.48281],[-102.81537,29.47444],[-102.814,29.4714],[-102.8231,29.4633],[-102.82547,29.45512],[-102.82369,29.45202],[-102.81961,29.45094],[-102.83097,29.44427],[-102.8312,29.43376],[-102.83254,29.43311],[-102.82692,29.4177],[-102.83326,29.41098],[-102.83325,29.40929],[-102.83121,29.40821],[-102.82641,29.40745],[-102.82608,29.40275],[-102.819,29.4036],[-102.81368,29.40233],[-102.81267,29.40017],[-102.81635,29.39706],[-102.81912,29.39811],[-102.82561,29.39695],[-102.83252,29.38892],[-102.83471,29.37849],[-102.84436,29.37538],[-102.84542,29.36521],[-102.83992,29.3616],[-102.83938,29.35892],[-102.86058,29.35153],[-102.87186,29.35209],[-102.87802,29.35454],[-102.88436,29.34773],[-102.8798,29.33875],[-102.88493,29.32508],[-102.88445,29.32068],[-102.88686,29.31934],[-102.88825,29.31523],[-102.88759,29.31127],[-102.89297,29.30915],[-102.88833,29.29195],[-102.89102,29.28711],[-102.89651,29.28483],[-102.89754,29.28199],[-102.9026,29.27944],[-102.9031,29.27676],[-102.89926,29.26948],[-102.90225,29.26482],[-102.90638,29.26206],[-102.9063,29.26001],[-102.90319,29.25403],[-102.89663,29.25411],[-102.8879,29.24561],[-102.88114,29.24602],[-102.87135,29.24163],[-102.87153,29.23274],[-102.86676,29.22774],[-102.86685,29.22501],[-102.87729,29.21709],[-102.87802,29.2147],[-102.89392,29.20866],[-102.89923,29.20886],[-102.90188,29.21327],[-102.90879,29.21934],[-102.91232,29.21942],[-102.91622,29.215],[-102.91245,29.20625],[-102.91485,29.19991],[-102.91906,29.19815],[-102.9178,29.1907],[-102.92548,29.19372],[-102.93298,29.19451],[-102.93775,29.18853],[-102.94022,29.18922],[-102.94121,29.19122],[-102.94376,29.19116],[-102.94716,29.18078],[-102.94993,29.17999],[-102.95059,29.17373],[-102.95279,29.17394],[-102.95565,29.17815],[-102.97727,29.18623],[-102.98943,29.18317],[-102.99632,29.17826],[-102.9981,29.17268],[-102.99569,29.16122],[-103.00243,29.15026],[-103.00836,29.14829],[-103.0088,29.13757],[-103.01565,29.134],[-103.01217,29.1287],[-103.0124,29.12585],[-103.02015,29.12579],[-103.02759,29.11602],[-103.03599,29.11396],[-103.03612,29.11078],[-103.03218,29.10699],[-103.03334,29.10189],[-103.03603,29.09874],[-103.04482,29.09545],[-103.05465,29.10064],[-103.06425,29.09145],[-103.07043,29.09366],[-103.0761,29.09132],[-103.08011,29.08687],[-103.07663,29.07977],[-103.07685,29.07606],[-103.08742,29.06711],[-103.08539,29.0586],[-103.0859,29.05374],[-103.09031,29.05375],[-103.09177,29.06413],[-103.09548,29.06473],[-103.0974,29.06055],[-103.10013,29.06068],[-103.10036,29.05188],[-103.10587,29.04245],[-103.10634,29.03762],[-103.09785,29.02704],[-103.10161,29.01812],[-103.10781,29.01381],[-103.11724,29.00021],[-103.11392,28.98855],[-103.11533,28.98527],[-103.11883,28.98371],[-103.12299,28.98443],[-103.12675,28.98212],[-103.13137,28.98395],[-103.13493,28.98352],[-103.14327,28.97807],[-103.15143,28.9751],[-103.15461,28.97161],[-103.15973,28.97378],[-103.16386,28.9721],[-103.16592,28.974],[-103.16578,28.9775],[-103.17082,28.98057],[-103.17304,28.98016],[-103.17461,28.97774],[-103.17676,28.97807],[-103.17971,28.98183],[-103.20241,28.9872],[-103.21478,28.98773],[-103.21898,28.98565],[-103.21967,28.98352],[-103.2278,28.99153],[-103.23764,28.98186],[-103.24959,28.98051],[-103.25328,28.98669],[-103.26633,28.99598],[-103.26948,28.99295],[-103.27336,28.98284],[-103.27934,28.977],[-103.28346,28.97695],[-103.2874,28.97865],[-103.2883,28.98139],[-103.28445,28.98233],[-103.28155,28.9877],[-103.28785,29.00224],[-103.30056,29.00827],[-103.30827,29.0034],[-103.31594,29.01039],[-103.3156,29.01225],[-103.31275,29.01296],[-103.30803,29.01888],[-103.30681,29.02221],[-103.30828,29.025],[-103.31521,29.02559],[-103.32018,29.01927],[-103.32568,29.01644],[-103.33122,29.01633],[-103.3383,29.01977],[-103.34205,29.0282],[-103.33647,29.02746],[-103.32861,29.03039],[-103.32728,29.03339],[-103.32719,29.03895],[-103.33087,29.04296],[-103.33872,29.04327],[-103.34368,29.04637],[-103.3478,29.04026],[-103.3539,29.02222],[-103.36032,29.0185],[-103.37389,29.02352],[-103.38424,29.02415],[-103.3865,29.02165],[-103.38808,29.02444],[-103.38843,29.03386],[-103.39301,29.0346],[-103.39498,29.03258],[-103.40077,29.03102],[-103.40245,29.03213],[-103.40467,29.03928],[-103.41541,29.03788],[-103.42012,29.04267],[-103.42356,29.04349],[-103.42775,29.04233],[-103.43223,29.04368],[-103.42868,29.0487],[-103.43354,29.05199],[-103.434,29.05708],[-103.44027,29.05763],[-103.44989,29.06539],[-103.44993,29.07271],[-103.46112,29.07247],[-103.46235,29.07169],[-103.45945,29.06725],[-103.47011,29.06619],[-103.47298,29.06835],[-103.47363,29.0711],[-103.46982,29.08017],[-103.47021,29.08553],[-103.47626,29.08809],[-103.47556,29.091],[-103.48068,29.0917],[-103.48443,29.09452],[-103.49461,29.10842],[-103.49968,29.10952],[-103.50015,29.1159],[-103.50669,29.1164],[-103.51104,29.12061],[-103.51448,29.12133],[-103.51748,29.12011],[-103.52461,29.121],[-103.52302,29.13525],[-103.53956,29.1461],[-103.54467,29.14484],[-103.54805,29.14229],[-103.55069,29.14413],[-103.55273,29.14701],[-103.55236,29.15093],[-103.55003,29.15379],[-103.55049,29.15625],[-103.55257,29.15734],[-103.55421,29.1579],[-103.55611,29.15599],[-103.56542,29.15416],[-103.5695,29.15542],[-103.57807,29.15013],[-103.59236,29.15026],[-103.59628,29.15191],[-103.60059,29.15788],[-103.60644,29.16041],[-103.61054,29.16577],[-103.61788,29.16349],[-103.62923,29.16271],[-103.63402,29.15859],[-103.63976,29.1612],[-103.6499,29.15641],[-103.65185,29.15749],[-103.6508,29.16111],[-103.65681,29.1691],[-103.6602,29.17093],[-103.66434,29.17088],[-103.66861,29.17389],[-103.67774,29.17388],[-103.68255,29.17628],[-103.68628,29.17635],[-103.68787,29.17856],[-103.69731,29.17719],[-103.69965,29.17812],[-103.70425,29.18469],[-103.70629,29.18509],[-103.70734,29.18371],[-103.71377,29.18501],[-103.71551,29.18128],[-103.71776,29.18056],[-103.72554,29.19267],[-103.72841,29.19273],[-103.73047,29.19794],[-103.73779,29.20263],[-103.74218,29.20861],[-103.74318,29.21508],[-103.74092,29.21942],[-103.74225,29.22169],[-103.74953,29.21975],[-103.75736,29.22067],[-103.75766,29.2231],[-103.75515,29.22476],[-103.75454,29.2275],[-103.75855,29.23294],[-103.76278,29.23275],[-103.76851,29.22727],[-103.76753,29.22583],[-103.77096,29.21953],[-103.7767,29.22005],[-103.77771,29.22389],[-103.78205,29.22798],[-103.78066,29.23738],[-103.78168,29.24128],[-103.78072,29.24382],[-103.77592,29.24411],[-103.77507,29.24795],[-103.77848,29.25204],[-103.77882,29.25561],[-103.78405,29.26547],[-103.78822,29.26548],[-103.79586,29.25972],[-103.79992,29.25857],[-103.80524,29.26046],[-103.80904,29.26639],[-103.80761,29.27016],[-103.81011,29.27305],[-103.81337,29.27397],[-103.82621,29.2692],[-103.83682,29.27395],[-103.83784,29.27573],[-103.83671,29.27705],[-103.8383,29.2783],[-103.85689,29.28185],[-103.86334,29.27922],[-103.86538,29.28189],[-103.86894,29.28065],[-103.87336,29.28345],[-103.88061,29.28496],[-103.88486,29.28423],[-103.88626,29.28056],[-103.88871,29.27898],[-103.89929,29.28741],[-103.91208,29.28374],[-103.91711,29.28422],[-103.91891,29.28504],[-103.91847,29.29003],[-103.92638,29.2944],[-103.93774,29.29283],[-103.9506,29.29586],[-103.95244,29.29759],[-103.96336,29.29815],[-103.96765,29.30003],[-103.96981,29.2973],[-103.97524,29.29602],[-103.99323,29.30428],[-104.00068,29.30534],[-104.01624,29.31214],[-104.0194,29.31185],[-104.03828,29.32016],[-104.0556,29.33091],[-104.05669,29.33362],[-104.05555,29.33731],[-104.0663,29.34083],[-104.07215,29.34592],[-104.08215,29.34592],[-104.09102,29.35369],[-104.08957,29.35576],[-104.0906,29.35962],[-104.09725,29.36142],[-104.098,29.36628],[-104.10647,29.37313],[-104.10956,29.37408],[-104.11511,29.3729],[-104.11702,29.3711],[-104.12132,29.37142],[-104.12322,29.38048],[-104.12798,29.37825],[-104.13076,29.37926],[-104.131,29.38171],[-104.13492,29.38422],[-104.13796,29.38213],[-104.1382,29.37856],[-104.14175,29.37821],[-104.14363,29.3884],[-104.14837,29.3851],[-104.15204,29.38891],[-104.15138,29.39122],[-104.1552,29.39457],[-104.15657,29.39394],[-104.15634,29.39081],[-104.16074,29.38988],[-104.16744,29.39474],[-104.16843,29.39649],[-104.16454,29.40035],[-104.16525,29.40191],[-104.1694,29.40186],[-104.17113,29.40378],[-104.16941,29.4078],[-104.17344,29.41003],[-104.17732,29.40948],[-104.18003,29.41111],[-104.18067,29.4147],[-104.18327,29.41623],[-104.1831,29.4202],[-104.1809,29.42258],[-104.18153,29.42701],[-104.18599,29.42823],[-104.19292,29.43527],[-104.19383,29.44134],[-104.21117,29.44975],[-104.21813,29.45773],[-104.21348,29.46206],[-104.20903,29.48097],[-104.213,29.48413],[-104.21631,29.48446],[-104.2311,29.47907],[-104.23382,29.48655],[-104.23349,29.49273],[-104.23585,29.49674],[-104.23885,29.4983],[-104.24004,29.49732],[-104.2543,29.50671],[-104.26027,29.5065],[-104.26228,29.5102],[-104.26174,29.51346],[-104.26828,29.5135],[-104.27535,29.51684],[-104.29193,29.51946],[-104.29263,29.52189],[-104.29679,29.52413],[-104.31171,29.52348],[-104.31095,29.52879],[-104.31548,29.53275],[-104.32066,29.52985],[-104.32179,29.5218],[-104.32589,29.52322],[-104.33073,29.52266],[-104.334,29.51958],[-104.33622,29.51933],[-104.35753,29.5324],[-104.36995,29.54285],[-104.37504,29.54375],[-104.37844,29.5418],[-104.39459,29.55609],[-104.39383,29.55904],[-104.39754,29.57075],[-104.4523,29.60366],[-104.45729,29.60914],[-104.46652,29.6093],[-104.46744,29.61186],[-104.46565,29.61856],[-104.47397,29.61881],[-104.47599,29.62798],[-104.4846,29.62797],[-104.4864,29.62916],[-104.48782,29.63402],[-104.49479,29.63375],[-104.49641,29.63494],[-104.49617,29.63881],[-104.49787,29.63966],[-104.50709,29.63688],[-104.50563,29.63404],[-104.50712,29.63235],[-104.50902,29.63328],[-104.51574,29.64055],[-104.50987,29.64365],[-104.51068,29.64549],[-104.51728,29.64712],[-104.51847,29.64915],[-104.5163,29.65236],[-104.52489,29.6592],[-104.5259,29.66802],[-104.52867,29.66787],[-104.52861,29.66979],[-104.53203,29.67057],[-104.53257,29.66727],[-104.53436,29.6661],[-104.53628,29.66734],[-104.53535,29.67331],[-104.53947,29.67859],[-104.54419,29.681],[-104.54062,29.68483],[-104.53377,29.68561],[-104.53044,29.68954],[-104.53068,29.69139],[-104.54383,29.6963],[-104.54361,29.69783],[-104.54595,29.69961],[-104.54327,29.70363],[-104.54622,29.7092],[-104.54391,29.71119],[-104.54545,29.71376],[-104.54779,29.71441],[-104.54482,29.71553],[-104.54748,29.71769],[-104.54985,29.7162],[-104.55224,29.71712],[-104.54912,29.72077],[-104.55237,29.72323],[-104.54906,29.7272],[-104.54966,29.73105],[-104.5556,29.73122],[-104.55568,29.73477],[-104.56049,29.73535],[-104.55877,29.7381],[-104.55026,29.73809],[-104.5498,29.74064],[-104.55388,29.74305],[-104.55539,29.74187],[-104.55696,29.74533],[-104.57005,29.75286],[-104.56496,29.76145],[-104.56847,29.76693],[-104.56569,29.77046],[-104.57066,29.77849],[-104.57897,29.783],[-104.57825,29.78763],[-104.58246,29.7925],[-104.58151,29.79511],[-104.58922,29.79576],[-104.59095,29.79841],[-104.58673,29.80063],[-104.58632,29.80317],[-104.59106,29.80943],[-104.59247,29.81028],[-104.59402,29.80922],[-104.59236,29.80695],[-104.59509,29.8051],[-104.60044,29.81572],[-104.60332,29.81732],[-104.60412,29.81562],[-104.60694,29.8171],[-104.60699,29.81885],[-104.61008,29.81936],[-104.60828,29.82819],[-104.61359,29.82789],[-104.61434,29.82995],[-104.6195,29.83008],[-104.62026,29.83308],[-104.61508,29.83314],[-104.6105,29.83628],[-104.60944,29.83975],[-104.6138,29.84599],[-104.61904,29.84444],[-104.61924,29.84218],[-104.62463,29.84268],[-104.62157,29.8495],[-104.62242,29.85098],[-104.62893,29.85167],[-104.6301,29.85331],[-104.63017,29.86462],[-104.63328,29.87048],[-104.6371,29.87366],[-104.64163,29.87425],[-104.64186,29.87587],[-104.64611,29.87854],[-104.64702,29.88385],[-104.65228,29.88844],[-104.64999,29.89147],[-104.65333,29.8923],[-104.65362,29.89057],[-104.65678,29.88933],[-104.65865,29.89156],[-104.65904,29.90141],[-104.65599,29.90223],[-104.6548,29.9042],[-104.65594,29.90621],[-104.66244,29.90533],[-104.66164,29.9026],[-104.66559,29.90171],[-104.66584,29.90895],[-104.67041,29.91181],[-104.67412,29.91053],[-104.67728,29.91353],[-104.67616,29.916],[-104.67983,29.92092],[-104.67858,29.92664],[-104.68324,29.92945],[-104.67943,29.93195],[-104.68268,29.9357],[-104.68042,29.93901],[-104.67874,29.93821],[-104.67795,29.941],[-104.68067,29.94703],[-104.67726,29.95021],[-104.67792,29.95204],[-104.67429,29.9508],[-104.67364,29.95677],[-104.67911,29.95574],[-104.68032,29.95698],[-104.68432,29.95609],[-104.68526,29.95699],[-104.6819,29.9694],[-104.68547,29.9704],[-104.68011,29.97422],[-104.68015,29.977],[-104.68862,29.97356],[-104.69194,29.97387],[-104.69206,29.97603],[-104.68831,29.98017],[-104.68827,29.98472],[-104.68624,29.98478],[-104.68548,29.98994],[-104.69177,29.99151],[-104.69337,29.99404],[-104.6885,29.99373],[-104.68719,29.99682],[-104.69016,30.00371],[-104.69394,30.00177],[-104.69385,30.00729],[-104.69067,30.00818],[-104.68964,30.01495],[-104.69359,30.01908],[-104.70231,30.02132],[-104.704,30.02421],[-104.70049,30.0337],[-104.7011,30.03553],[-104.69577,30.03732],[-104.70687,30.05068],[-104.70368,30.05534],[-104.70525,30.05855],[-104.70221,30.06019],[-104.70358,30.06453],[-104.69548,30.06668],[-104.69105,30.07064],[-104.69306,30.07144],[-104.69264,30.0742],[-104.68802,30.07347],[-104.68662,30.07636],[-104.69003,30.07586],[-104.69077,30.07801],[-104.68576,30.08233],[-104.68669,30.08374],[-104.685,30.08564],[-104.68662,30.08734],[-104.68945,30.08529],[-104.69016,30.08971],[-104.68695,30.09033],[-104.68481,30.1001],[-104.68897,30.09496],[-104.69001,30.09634],[-104.69215,30.09608],[-104.69206,30.09907],[-104.69438,30.10189],[-104.69174,30.10873],[-104.69005,30.10621],[-104.68707,30.10534],[-104.68584,30.11067],[-104.69171,30.11138],[-104.69161,30.1158],[-104.68976,30.11613],[-104.69098,30.11789],[-104.69508,30.11781],[-104.69402,30.1223],[-104.6964,30.13375],[-104.69642,30.13502],[-104.69318,30.13543],[-104.69212,30.13866],[-104.68874,30.13772],[-104.68973,30.14063],[-104.68629,30.14146],[-104.6854,30.14453],[-104.68965,30.14608],[-104.68827,30.14747],[-104.69006,30.14972],[-104.68727,30.15108],[-104.68704,30.15274],[-104.68956,30.1541],[-104.6877,30.159],[-104.6884,30.16513],[-104.68633,30.17328],[-104.68798,30.17639],[-104.68672,30.17862],[-104.69076,30.18303],[-104.69302,30.18908],[-104.69723,30.1918],[-104.69612,30.19496],[-104.69704,30.1978],[-104.69967,30.19872],[-104.70046,30.2055],[-104.70508,30.2085],[-104.70248,30.21278],[-104.71124,30.22292],[-104.71142,30.22432],[-104.70807,30.22608],[-104.70597,30.235],[-104.71317,30.23796],[-104.71888,30.2469],[-104.7243,30.25005],[-104.72415,30.25305],[-104.72752,30.25444],[-104.73032,30.25894],[-104.73382,30.26122],[-104.73736,30.26138],[-104.736,30.25697],[-104.73709,30.25593],[-104.74045,30.25945],[-104.74966,30.26126],[-104.75157,30.26364],[-104.74848,30.2743],[-104.75044,30.27166],[-104.7511,30.27388],[-104.75507,30.27185],[-104.75662,30.27419],[-104.7579,30.27404],[-104.75751,30.27169],[-104.75991,30.27165],[-104.76028,30.27448],[-104.76316,30.27508],[-104.75789,30.2824],[-104.76129,30.30061],[-104.76691,30.30357],[-104.76703,30.30584],[-104.77326,30.30269],[-104.77674,30.3044],[-104.7795,30.30345],[-104.77963,30.30573],[-104.77703,30.30685],[-104.77656,30.30964],[-104.78346,30.31633],[-104.7863,30.31598],[-104.78923,30.31873],[-104.7888,30.32184],[-104.79118,30.32198],[-104.7914,30.32552],[-104.79501,30.32719],[-104.79729,30.33034],[-104.81185,30.3336],[-104.80996,30.34137],[-104.81542,30.34367],[-104.81863,30.34738],[-104.81962,30.34678],[-104.8226,30.35127],[-104.81438,30.35349],[-104.81387,30.36039],[-104.81066,30.36275],[-104.81136,30.3667],[-104.81617,30.36586],[-104.81942,30.36817],[-104.81922,30.37105],[-104.81589,30.37372],[-104.8176,30.37575],[-104.82792,30.37305],[-104.83749,30.37391],[-104.83865,30.37585],[-104.84561,30.37921],[-104.8481,30.38376],[-104.85381,30.38532],[-104.85952,30.39041],[-104.85428,30.40068],[-104.85744,30.40896],[-104.85076,30.41396],[-104.84727,30.4139],[-104.84918,30.42156],[-104.84978,30.41966],[-104.85242,30.41879],[-104.85307,30.42051],[-104.85679,30.42182],[-104.85662,30.42424],[-104.86156,30.42666],[-104.8583,30.43164],[-104.85796,30.43727],[-104.86022,30.43991],[-104.86793,30.44107],[-104.86446,30.44997],[-104.86584,30.45284],[-104.86848,30.45395],[-104.86987,30.45864],[-104.86609,30.46738],[-104.86938,30.47412],[-104.8695,30.47932],[-104.8721,30.48039],[-104.8695,30.48464],[-104.86725,30.48493],[-104.86676,30.49504],[-104.86986,30.4941],[-104.87383,30.49521],[-104.87192,30.51086],[-104.87353,30.51398],[-104.87679,30.511],[-104.87986,30.51779],[-104.88256,30.51633],[-104.88574,30.51845],[-104.88368,30.52064],[-104.88102,30.52053],[-104.88587,30.52463],[-104.88397,30.52616],[-104.88126,30.5237],[-104.88056,30.52892],[-104.882,30.53189],[-104.88938,30.53514],[-104.891,30.54111],[-104.88744,30.54397],[-104.88767,30.54652],[-104.89015,30.54596],[-104.88976,30.54904],[-104.89396,30.55071],[-104.89223,30.55142],[-104.89301,30.55302],[-104.89594,30.55289],[-104.89798,30.55461],[-104.89609,30.56223],[-104.899,30.5704],[-104.90716,30.57703],[-104.90764,30.58245],[-104.90962,30.58521],[-104.91876,30.58554],[-104.92132,30.58987],[-104.91872,30.59766],[-104.92194,30.59898],[-104.92294,30.60385],[-104.92664,30.60513],[-104.92993,30.5992],[-104.93426,30.59985],[-104.93848,30.60364],[-104.94019,30.60277],[-104.94149,30.60396],[-104.94539,30.60308],[-104.94649,30.6046],[-104.95082,30.60405],[-104.95492,30.60931],[-104.95989,30.61067],[-104.96727,30.60793],[-104.97207,30.61026],[-104.97551,30.61425],[-104.9743,30.61641],[-104.98029,30.62204],[-104.98,30.62948],[-104.98177,30.63004],[-104.98398,30.63521],[-104.98625,30.66288],[-104.99313,30.66501],[-104.99403,30.6686],[-104.99786,30.66898],[-105.00124,30.67258],[-105.00206,30.68097],[-105.00552,30.68304],[-105.00622,30.6856],[-105.00742,30.68646],[-105.01298,30.6825],[-105.01597,30.68278],[-105.01793,30.68517],[-105.02118,30.68149],[-105.02456,30.68148],[-105.02723,30.67888],[-105.03158,30.68073],[-105.03594,30.68664],[-105.03974,30.68869],[-105.04271,30.68735],[-105.04699,30.68839],[-105.04438,30.68329],[-105.04549,30.67989],[-105.04845,30.68051],[-105.04754,30.6817],[-105.04871,30.68251],[-105.05173,30.68152],[-105.05555,30.68241],[-105.05426,30.68526],[-105.0567,30.68786],[-105.059,30.68811],[-105.06158,30.68574],[-105.0635,30.68869],[-105.06173,30.69446],[-105.06263,30.69858],[-105.06708,30.69946],[-105.06815,30.70365],[-105.07049,30.70178],[-105.0756,30.70184],[-105.0774,30.70001],[-105.08101,30.69993],[-105.08092,30.70148],[-105.08261,30.70187],[-105.07965,30.70369],[-105.08044,30.70808],[-105.08357,30.71001],[-105.08759,30.71006],[-105.0878,30.71562],[-105.09106,30.71718],[-105.09818,30.71648],[-105.09996,30.72221],[-105.10544,30.72368],[-105.1033,30.72881],[-105.10593,30.73061],[-105.1088,30.73009],[-105.11183,30.73326],[-105.10991,30.74001],[-105.11225,30.74067],[-105.11068,30.74337],[-105.11382,30.746],[-105.11709,30.74299],[-105.12053,30.74406],[-105.1183,30.74973],[-105.12723,30.74777],[-105.13021,30.75057],[-105.13972,30.753],[-105.14057,30.75221],[-105.14377,30.75521],[-105.15236,30.75145],[-105.15653,30.75393],[-105.16113,30.75206],[-105.1613,30.75626],[-105.15776,30.76166],[-105.15612,30.76958],[-105.15901,30.77101],[-105.16282,30.77072],[-105.16666,30.77658],[-105.16876,30.77594],[-105.17392,30.76765],[-105.17683,30.76815],[-105.18228,30.77637],[-105.18514,30.77772],[-105.18439,30.78148],[-105.18624,30.78471],[-105.19099,30.78597],[-105.19514,30.79214],[-105.20051,30.78737],[-105.2047,30.78755],[-105.21143,30.7818],[-105.21857,30.78524],[-105.22015,30.78776],[-105.2184,30.79174],[-105.21694,30.79338],[-105.21317,30.79315],[-105.20959,30.79781],[-105.2138,30.80171],[-105.21502,30.80589],[-105.21841,30.80567],[-105.2234,30.80083],[-105.22789,30.7992],[-105.22839,30.80287],[-105.23002,30.80383],[-105.2344,30.80266],[-105.2383,30.80359],[-105.24448,30.79981],[-105.2501,30.79915],[-105.25282,30.7958],[-105.25794,30.79471],[-105.2655,30.80255],[-105.26672,30.80838],[-105.27202,30.80922],[-105.27556,30.80694],[-105.2794,30.8157],[-105.28431,30.81873],[-105.28795,30.81788],[-105.28926,30.82378],[-105.29223,30.82631],[-105.30017,30.82465],[-105.30052,30.81933],[-105.30654,30.80971],[-105.30886,30.81109],[-105.30818,30.8143],[-105.31018,30.81652],[-105.31137,30.81402],[-105.31702,30.81099],[-105.3186,30.81304],[-105.31596,30.81872],[-105.31897,30.82485],[-105.3189,30.82872],[-105.32011,30.82745],[-105.32441,30.82833],[-105.32704,30.82471],[-105.32887,30.82483],[-105.33004,30.82649],[-105.32833,30.83149],[-105.33719,30.83348],[-105.33929,30.84047],[-105.34576,30.84061],[-105.35184,30.83556],[-105.35442,30.83798],[-105.35387,30.84276],[-105.35995,30.8463],[-105.36159,30.85055],[-105.36764,30.84769],[-105.37189,30.84758],[-105.37495,30.84994],[-105.3777,30.849],[-105.37716,30.85128],[-105.37977,30.8506],[-105.38294,30.85207],[-105.38478,30.85054],[-105.38697,30.85361],[-105.39104,30.85229],[-105.39195,30.85059],[-105.3941,30.85084],[-105.39436,30.84907],[-105.40046,30.85262],[-105.40167,30.85456],[-105.40045,30.85675],[-105.39522,30.85929],[-105.39452,30.86129],[-105.39598,30.86409],[-105.39364,30.86701],[-105.39496,30.87108],[-105.3913,30.87385],[-105.39284,30.87594],[-105.40044,30.87687],[-105.40416,30.87968],[-105.39928,30.884],[-105.39987,30.88907],[-105.40442,30.89192],[-105.40824,30.88929],[-105.41227,30.8887],[-105.41053,30.89188],[-105.4138,30.89957],[-105.42562,30.9004],[-105.43014,30.9056],[-105.43456,30.90769],[-105.44092,30.90836],[-105.4446,30.91303],[-105.44545,30.91628],[-105.44432,30.91726],[-105.44713,30.91959],[-105.45107,30.91586],[-105.45315,30.91621],[-105.45438,30.91943],[-105.45199,30.92012],[-105.4516,30.92483],[-105.46493,30.92581],[-105.46653,30.9242],[-105.46755,30.92967],[-105.47079,30.93124],[-105.47089,30.93376],[-105.47592,30.93382],[-105.47822,30.93821],[-105.48803,30.94328],[-105.49373,30.94946],[-105.49899,30.95072],[-105.4969,30.95513],[-105.49395,30.95562],[-105.49413,30.95732],[-105.50197,30.96774],[-105.51376,30.96626],[-105.51572,30.96486],[-105.51681,30.96925],[-105.52209,30.97655],[-105.52634,30.97765],[-105.53309,30.98486],[-105.53804,30.98573],[-105.54368,30.98475],[-105.55743,30.99023],[-105.5701,31.0082],[-105.56876,31.01461],[-105.57053,31.01801],[-105.57815,31.02022],[-105.5814,31.02685],[-105.57954,31.0354],[-105.58532,31.05749],[-105.59592,31.06484],[-105.59877,31.07493],[-105.60447,31.08374],[-105.62735,31.09855],[-105.64189,31.09832],[-105.64673,31.11391],[-105.64883,31.1159],[-105.70949,31.13637],[-105.71701,31.14144],[-105.71954,31.14916],[-105.74156,31.16438],[-105.74443,31.16536],[-105.76353,31.16412],[-105.76956,31.16488],[-105.77326,31.1669],[-105.77613,31.17652],[-105.78002,31.18267],[-105.77972,31.19128],[-105.7829,31.19756],[-105.79439,31.20224],[-105.81884,31.23068],[-105.83572,31.24681],[-105.85051,31.26527],[-105.85406,31.27275],[-105.86916,31.28882],[-105.87639,31.29167],[-105.89087,31.29001],[-105.8946,31.29101],[-105.90795,31.31256],[-105.92209,31.31198],[-105.93255,31.31312],[-105.93845,31.31874],[-105.94782,31.33987],[-105.94549,31.35208],[-105.95379,31.36475],[-105.9701,31.36594],[-105.99713,31.38725],[-105.95433,31.42347],[-105.95855,31.42346],[-105.95926,31.47842],[-105.99326,31.47839],[-105.998,32.00233],[-105.42928,32.00058],[-104.83289,32.00001],[-104.77211,31.99749],[-104.75479,31.99777],[-104.75456,32.00053],[-104.02452,32.00001],[-103.06442,32.00052],[-103.0647,32.52219],[-102.2027,32.52327],[-102.20852,32.95896],[-101.71875,32.96195],[-101.55743,32.96102],[-101.17338,32.9636],[-101.17461,32.49525],[-101.184,32.08721],[-101.26422,32.08714],[-101.26847,31.47447],[-101.2748,31.07938],[-100.96218,31.08249],[-100.9605,30.85976],[-100.96064,30.28778],[-101.7584,30.28804],[-101.76092,29.78186],[-101.77382,29.78868],[-101.78191,29.78963],[-101.78567,29.78825],[-101.78559,29.78416],[-101.78812,29.77954],[-101.80103,29.7795],[-101.80754,29.78137],[-101.81099,29.78387],[-101.81452,29.79186],[-101.81346,29.79441],[-101.80696,29.79902],[-101.80361,29.80345],[-101.81221,29.80956],[-101.81828,29.81162],[-101.82506,29.80825],[-101.82582,29.80523],[-101.81899,29.79365],[-101.81863,29.79056],[-101.8241,29.78715],[-101.83123,29.78932],[-101.83906,29.79472],[-101.85096,29.80788],[-101.85562,29.80735],[-101.86738,29.79749],[-101.8754,29.79402],[-101.8796,29.79571],[-101.88292,29.79349],[-101.88471,29.79385],[-101.89274,29.79789],[-101.90788,29.79881],[-101.91241,29.79785],[-101.92492,29.78403],[-101.92932,29.78258],[-101.93353,29.78519],[-101.93417,29.78799],[-101.93254,29.78977],[-101.93381,29.79703],[-101.93728,29.80041],[-101.94666,29.80134],[-101.95548,29.79533],[-101.95872,29.79656],[-101.96338,29.80015],[-101.96546,29.806],[-101.96472,29.80906],[-101.96733,29.81311],[-101.97663,29.81599],[-101.9812,29.8154],[-101.98306,29.80933],[-101.98197,29.80588],[-101.98607,29.79749],[-101.98861,29.79667],[-101.99139,29.79811],[-101.99472,29.80517],[-101.99749,29.80644],[-102.0149,29.79752],[-102.01841,29.79852],[-102.01971,29.80149],[-102.02399,29.80324],[-102.02842,29.80188],[-102.03476,29.80403],[-102.03901,29.80265],[-102.04109,29.79961],[-102.03841,29.79283],[-102.03923,29.79098],[-102.04171,29.78968],[-102.04563,29.79008],[-102.05004,29.78507],[-102.05437,29.78687],[-102.07365,29.78693],[-102.07604,29.78839],[-102.07735,29.79242],[-102.08444,29.79496],[-102.09357,29.7915],[-102.10184,29.79361],[-102.11568,29.79239],[-102.11792,29.79616],[-102.11732,29.80064],[-102.12322,29.80231],[-102.12951,29.79862],[-102.14233,29.80285],[-102.15153,29.81191],[-102.15416,29.81164],[-102.1596,29.81436],[-102.16167,29.81949],[-102.16767,29.82604],[-102.18008,29.82657],[-102.1813,29.83115],[-102.17865,29.83615],[-102.17876,29.84021],[-102.18189,29.84603],[-102.18525,29.84773],[-102.18867,29.84894],[-102.19166,29.84664],[-102.19386,29.83825],[-102.19706,29.83642],[-102.20994,29.84436],[-102.22353,29.84053],[-102.23086,29.84787],[-102.24446,29.84851],[-102.24322,29.85841],[-102.24692,29.86431],[-102.24978,29.86329],[-102.2516,29.85991],[-102.2523,29.85398],[-102.2571,29.85277],[-102.26348,29.85423],[-102.26428,29.8578],[-102.26178,29.864],[-102.26495,29.86781],[-102.26882,29.86799],[-102.27676,29.86298],[-102.28125,29.86312],[-102.28798,29.8716],[-102.29529,29.87334],[-102.30138,29.87767],[-102.31148,29.87701],[-102.31539,29.87992],[-102.32062,29.87898],[-102.3246,29.8731]]]}},{"type":"Feature","properties":{"weather_zone":"NCENT"},"geometry":{"type":"Polygon","coordinates":[[[-97.9071,31.06937],[-98.18001,31.46372],[-98.27107,31.4164],[-98.26679,31.41052],[-98.56273,31.23044],[-98.56524,31.24263],[-98.56843,31.24481],[-98.57514,31.25415],[-98.57981,31.26539],[-98.58854,31.26759],[-98.59279,31.26607],[-98.59464,31.26115],[-98.59392,31.25492],[-98.59565,31.25306],[-98.6059,31.26053],[-98.62563,31.2698],[-98.62822,31.27388],[-98.62693,31.28118],[-98.62214,31.28509],[-98.61382,31.2816],[-98.59892,31.28636],[-98.59628,31.30583],[-98.59045,31.31729],[-98.58666,31.31943],[-98.58704,31.32517],[-98.59231,31.32694],[-98.59441,31.32635],[-98.5973,31.31872],[-98.60685,31.31215],[-98.62389,31.30937],[-98.63039,31.31015],[-98.63093,31.31534],[-98.61811,31.32237],[-98.61914,31.32436],[-98.62283,31.32549],[-98.63188,31.32563],[-98.64392,31.31407],[-98.64763,31.31486],[-98.6491,31.31759],[-98.64853,31.32347],[-98.64427,31.32591],[-98.63972,31.33187],[-98.6449,31.33544],[-98.64697,31.34068],[-98.64186,31.34597],[-98.63838,31.34655],[-98.63639,31.35252],[-98.64722,31.35993],[-98.65127,31.357],[-98.65461,31.35849],[-98.65012,31.36687],[-98.65348,31.37004],[-98.66336,31.36394],[-98.66768,31.36308],[-98.67035,31.36019],[-98.67086,31.35389],[-98.67713,31.3519],[-98.68277,31.34616],[-98.69045,31.3439],[-98.69875,31.33875],[-98.7027,31.33915],[-98.70637,31.3468],[-98.71194,31.34691],[-98.71313,31.34883],[-98.71254,31.35556],[-98.70616,31.35591],[-98.70305,31.36098],[-98.7028,31.36544],[-98.7051,31.36926],[-98.70435,31.38019],[-98.69952,31.38479],[-98.69303,31.38743],[-98.69589,31.39426],[-98.69547,31.40556],[-98.69663,31.40729],[-98.70643,31.40756],[-98.71812,31.40403],[-98.72384,31.40727],[-98.72885,31.41187],[-98.72874,31.41441],[-98.72558,31.41581],[-98.7243,31.4227],[-98.7244,31.42717],[-98.72609,31.42828],[-98.73811,31.43036],[-98.74282,31.42814],[-98.73715,31.42063],[-98.73876,31.41137],[-98.74227,31.40527],[-98.7511,31.40361],[-98.75567,31.40044],[-98.75538,31.39593],[-98.75138,31.38785],[-98.76372,31.37522],[-98.76751,31.37599],[-98.7717,31.38079],[-98.77649,31.37728],[-98.77948,31.37916],[-98.77562,31.38759],[-98.77323,31.40688],[-98.774,31.41243],[-98.77889,31.41352],[-98.78915,31.40748],[-98.79941,31.4106],[-98.80499,31.40694],[-98.81332,31.40471],[-98.81686,31.40693],[-98.81422,31.41366],[-98.81564,31.41694],[-98.81898,31.41645],[-98.82994,31.41033],[-98.84712,31.41068],[-98.8549,31.41417],[-98.85246,31.42041],[-98.85929,31.43496],[-98.8725,31.4443],[-98.88545,31.44291],[-98.89585,31.43357],[-98.90487,31.43617],[-98.91049,31.43414],[-98.91885,31.43583],[-98.92519,31.43399],[-98.93319,31.43693],[-98.93591,31.45593],[-98.93983,31.45825],[-98.94626,31.45832],[-98.95336,31.45469],[-98.95543,31.45239],[-98.95298,31.44731],[-98.96367,31.43489],[-98.96688,31.43555],[-98.96686,31.44432],[-98.96359,31.44625],[-98.96502,31.4533],[-98.97823,31.45625],[-98.98539,31.4618],[-98.99495,31.46636],[-98.9944,31.47225],[-98.98694,31.47893],[-98.98743,31.48208],[-98.99019,31.48391],[-98.99739,31.48124],[-99.0061,31.48027],[-99.01064,31.47125],[-99.01901,31.4696],[-99.02174,31.4751],[-99.03431,31.48753],[-99.04174,31.4903],[-99.04982,31.4851],[-99.05533,31.47445],[-99.06228,31.47071],[-99.06016,31.46496],[-99.063,31.46272],[-99.07262,31.46708],[-99.07554,31.46325],[-99.08523,31.45785],[-99.08581,31.45589],[-99.08836,31.45694],[-99.08658,31.45824],[-99.08776,31.46068],[-99.09062,31.46093],[-99.09695,31.45555],[-99.09442,31.45025],[-99.09556,31.44847],[-99.09794,31.44819],[-99.10453,31.45366],[-99.10785,31.4545],[-99.10911,31.45598],[-99.10812,31.46505],[-99.11615,31.46824],[-99.12021,31.46688],[-99.11883,31.46115],[-99.12508,31.4565],[-99.13321,31.46481],[-99.13607,31.46597],[-99.14337,31.46716],[-99.15087,31.46569],[-99.15367,31.46795],[-99.15946,31.4682],[-99.17176,31.46285],[-99.17773,31.45618],[-99.1841,31.45373],[-99.18463,31.46042],[-99.18856,31.47034],[-99.19564,31.47355],[-99.20277,31.46723],[-99.20341,31.75822],[-99.19587,32.07923],[-99.50035,32.07987],[-99.63141,32.08127],[-99.62958,32.51466],[-99.61203,32.51465],[-99.612,32.95696],[-99.47126,32.95702],[-99.47244,33.39902],[-98.75034,33.39566],[-98.42067,33.39619],[-98.42142,33.4668],[-97.97892,33.46713],[-97.97897,33.43375],[-97.38302,33.43289],[-97.3831,33.43045],[-97.34357,33.4291],[-96.87593,33.41352],[-96.8411,33.41338],[-96.84117,33.40559],[-96.61012,33.40049],[-96.38647,33.39808],[-96.3846,33.39783],[-96.3845,33.34112],[-96.25188,33.35757],[-95.85872,33.40953],[-95.85774,33.46172],[-95.85345,33.46131],[-95.85359,33.45917],[-95.85182,33.45982],[-95.84895,33.45776],[-95.84626,33.45813],[-95.84698,33.45916],[-95.84394,33.45952],[-95.84394,33.45852],[-95.83315,33.46072],[-95.82673,33.45904],[-95.82612,33.46103],[-95.8242,33.4613],[-95.82646,33.46258],[-95.82357,33.46439],[-95.81979,33.46403],[-95.81959,33.46661],[-95.81636,33.46724],[-95.81735,33.46926],[-95.81536,33.47014],[-95.81375,33.46909],[-95.81358,33.47079],[-95.80981,33.47025],[-95.80782,33.47507],[-95.80312,33.47567],[-95.79526,33.48034],[-95.79391,33.47977],[-95.79432,33.48192],[-95.78988,33.4838],[-95.78822,33.48623],[-95.78163,33.48631],[-95.78212,33.48782],[-95.77989,33.48798],[-95.78092,33.49017],[-95.77896,33.49184],[-95.7779,33.49087],[-95.77651,33.4924],[-95.77214,33.49153],[-95.77165,33.4938],[-95.76108,33.49539],[-95.7602,33.49397],[-95.75768,33.49485],[-95.75559,33.49079],[-95.75139,33.49324],[-95.74505,33.49103],[-95.74378,33.49248],[-95.74082,33.49015],[-95.73793,33.49007],[-95.73757,33.48772],[-95.73364,33.48664],[-95.73247,33.48459],[-95.73098,33.48712],[-95.72866,33.48679],[-95.72714,33.48418],[-95.7198,33.48614],[-95.70926,33.48328],[-95.70779,33.48776],[-95.7044,33.48666],[-95.70472,33.48463],[-95.70083,33.48301],[-95.70227,33.48109],[-95.69753,33.47854],[-95.69724,33.47677],[-95.69303,33.47742],[-95.69275,33.47599],[-95.69011,33.47569],[-95.69048,33.47726],[-95.6848,33.47842],[-95.68512,33.47647],[-95.68364,33.47581],[-95.68539,33.47473],[-95.68187,33.47336],[-95.68146,33.47027],[-95.67929,33.47161],[-95.67824,33.47029],[-95.67775,33.47258],[-95.67542,33.47124],[-95.67477,33.47297],[-95.67163,33.47264],[-95.67101,33.47439],[-95.66959,33.47378],[-95.66474,33.47668],[-95.66031,33.47581],[-95.66101,33.47754],[-95.6588,33.47774],[-95.65972,33.47855],[-95.65704,33.47898],[-95.65695,33.48035],[-95.65252,33.48085],[-95.64296,33.48669],[-95.63754,33.48412],[-95.63632,33.4821],[-95.62368,33.4869],[-95.62103,33.48706],[-95.61623,33.48388],[-95.60971,33.48448],[-95.60942,33.48266],[-95.611,33.48186],[-95.60381,33.48263],[-95.60368,33.48472],[-95.60044,33.48358],[-95.59971,33.48039],[-95.59295,33.48013],[-95.59563,33.47682],[-95.59408,33.47632],[-95.5931,33.47229],[-95.59083,33.47247],[-95.5919,33.47047],[-95.59045,33.46901],[-95.58539,33.47113],[-95.58201,33.46917],[-95.57835,33.47192],[-95.57662,33.47069],[-95.57607,33.47242],[-95.56908,33.47372],[-95.56846,33.4758],[-95.56584,33.47706],[-95.56033,33.47457],[-95.56191,33.47179],[-95.55502,33.472],[-95.55671,33.4701],[-95.54917,33.46787],[-95.54801,33.46597],[-95.55008,33.46455],[-95.5486,33.46474],[-95.54814,33.46054],[-95.54386,33.45793],[-95.54438,33.45696],[-95.54236,33.45742],[-95.54076,33.45534],[-95.5315,33.45223],[-95.52696,33.44592],[-95.51948,33.44409],[-95.5106,33.44486],[-95.5048,33.44193],[-95.5009,33.4434],[-95.49901,33.44822],[-95.49619,33.44971],[-95.49731,33.45051],[-95.49214,33.45148],[-95.49392,33.4533],[-95.49232,33.45393],[-95.49348,33.45561],[-95.4844,33.45284],[-95.48499,33.45095],[-95.48126,33.45224],[-95.47824,33.44863],[-95.47374,33.44805],[-95.47451,33.44653],[-95.47065,33.44416],[-95.47258,33.44253],[-95.46845,33.43803],[-95.46457,33.4373],[-95.46586,33.43559],[-95.4646,33.43389],[-95.45357,33.43514],[-95.44467,33.43305],[-95.44161,33.42927],[-95.43284,33.4272],[-95.43127,33.42403],[-95.42992,33.42432],[-95.433,33.42232],[-95.43194,33.42126],[-95.42962,33.42225],[-95.42697,33.41865],[-95.42549,33.41949],[-95.42544,33.41666],[-95.42324,33.41825],[-95.4214,33.41757],[-95.42316,33.41697],[-95.42193,33.41507],[-95.42136,33.41669],[-95.41642,33.41626],[-95.41763,33.41412],[-95.41629,33.41441],[-95.4169,33.41219],[-95.41451,33.41086],[-95.41025,33.41173],[-95.40894,33.40977],[-95.40489,33.4089],[-95.40197,33.41056],[-95.39975,33.40978],[-95.39829,33.40819],[-95.39966,33.40416],[-95.39832,33.40437],[-95.39664,33.40185],[-95.39679,33.39892],[-95.39003,33.40213],[-95.38558,33.39806],[-95.38092,33.39752],[-95.37956,33.3997],[-95.37782,33.39548],[-95.37297,33.39094],[-95.36879,33.39431],[-95.36548,33.39223],[-95.36347,33.39372],[-95.3615,33.39012],[-95.35997,33.39159],[-95.35709,33.38956],[-95.35609,33.3907],[-95.35389,33.38689],[-95.34633,33.38923],[-95.34566,33.38784],[-95.33999,33.38795],[-95.34094,33.38596],[-95.33949,33.38498],[-95.33838,33.38668],[-95.33688,33.38625],[-95.33677,33.38786],[-95.33408,33.38451],[-95.33379,33.38629],[-95.32989,33.38542],[-95.3286,33.38215],[-95.32646,33.38239],[-95.32746,33.38073],[-95.3238,33.38099],[-95.32413,33.37939],[-95.3229,33.3806],[-95.32202,33.3791],[-95.32084,33.3796],[-95.31824,33.38186],[-95.31868,33.37971],[-95.31386,33.38079],[-95.31306,33.37953],[-95.31004,33.38002],[-95.3084,33.37769],[-95.30807,33.38075],[-95.30664,33.37803],[-95.30859,33.37719],[-95.30882,33.375],[-95.31576,33.3731],[-95.31282,33.37107],[-95.31462,33.36707],[-95.32044,33.36844],[-95.31967,33.36549],[-95.32206,33.36763],[-95.32619,33.36691],[-95.32623,33.36444],[-95.32938,33.36509],[-95.32992,33.36371],[-95.33324,33.36313],[-95.33464,33.36422],[-95.33641,33.36143],[-95.33742,33.36373],[-95.34151,33.3618],[-95.34473,33.36328],[-95.34355,33.36134],[-95.3452,33.36039],[-95.34613,33.36298],[-95.34914,33.36351],[-95.35157,33.36192],[-95.35166,33.36382],[-95.35576,33.36401],[-95.35661,33.36768],[-95.35787,33.36517],[-95.35965,33.36517],[-95.36042,33.36747],[-95.36377,33.3654],[-95.36967,33.37],[-95.37143,33.36731],[-95.37213,33.3692],[-95.37808,33.36742],[-95.37896,33.36545],[-95.37949,33.36779],[-95.38508,33.36557],[-95.38552,33.36717],[-95.39104,33.3696],[-95.39076,33.368],[-95.3978,33.36719],[-95.39737,33.37045],[-95.40031,33.3717],[-95.40502,33.37009],[-95.40581,33.37125],[-95.41209,33.36761],[-95.41355,33.36882],[-95.41256,33.36994],[-95.41486,33.37114],[-95.41772,33.3687],[-95.41822,33.37103],[-95.41995,33.36891],[-95.42067,33.37013],[-95.42298,33.36992],[-95.4236,33.36708],[-95.42578,33.3668],[-95.42603,33.36837],[-95.43026,33.36687],[-95.43286,33.3678],[-95.43171,33.36614],[-95.43476,33.36629],[-95.43578,33.36412],[-95.43661,33.36578],[-95.43738,33.36418],[-95.44094,33.36667],[-95.43933,33.36428],[-95.44129,33.36271],[-95.44393,33.36605],[-95.44465,33.36429],[-95.44625,33.36522],[-95.44849,33.36424],[-95.4499,33.36654],[-95.45165,33.36532],[-95.45621,33.36845],[-95.45962,33.36464],[-95.45736,33.36265],[-95.45926,33.36189],[-95.45883,33.36041],[-95.46138,33.36037],[-95.46154,33.3585],[-95.46518,33.35791],[-95.46503,33.3568],[-95.46955,33.35797],[-95.47443,33.35437],[-95.47761,33.3565],[-95.48033,33.35169],[-95.4859,33.35001],[-95.48635,33.35163],[-95.48737,33.35077],[-95.48847,33.35199],[-95.48819,33.35353],[-95.49158,33.3542],[-95.49736,33.35133],[-95.49454,33.35092],[-95.49457,33.34966],[-95.49727,33.34891],[-95.50014,33.35014],[-95.50215,33.34766],[-95.50306,33.3503],[-95.50625,33.34817],[-95.5105,33.34955],[-95.51346,33.34811],[-95.51393,33.34629],[-95.52616,33.34901],[-95.5311,33.35415],[-95.53037,33.35662],[-95.53463,33.35954],[-95.53804,33.35872],[-95.53985,33.3605],[-95.5421,33.35931],[-95.54053,33.35772],[-95.54513,33.35754],[-95.54746,33.35576],[-95.54974,33.35836],[-95.55233,33.35762],[-95.5532,33.35193],[-95.55408,33.35328],[-95.5568,33.35102],[-95.5592,33.35386],[-95.56172,33.35328],[-95.56131,33.35492],[-95.56357,33.35593],[-95.56711,33.35535],[-95.56693,33.35741],[-95.57404,33.35375],[-95.57827,33.35535],[-95.57969,33.35444],[-95.58118,33.35898],[-95.58347,33.35822],[-95.58409,33.35944],[-95.58569,33.35776],[-95.58685,33.35871],[-95.60295,33.35159],[-95.60399,33.34911],[-95.60487,33.3507],[-95.61289,33.34829],[-95.61494,33.34527],[-95.61393,33.34379],[-95.61587,33.33832],[-95.61938,33.33521],[-95.6212,33.33581],[-95.62314,33.33269],[-95.62522,33.33349],[-95.62444,33.33105],[-95.62671,33.33119],[-95.62738,33.32884],[-95.62946,33.32911],[-95.62951,33.3276],[-95.63431,33.32585],[-95.63382,33.32438],[-95.63707,33.32535],[-95.63663,33.3229],[-95.63857,33.32331],[-95.64239,33.32104],[-95.64359,33.31315],[-95.64703,33.3112],[-95.65052,33.31003],[-95.65728,33.31308],[-95.65794,33.31028],[-95.6617,33.31141],[-95.66407,33.31029],[-95.67372,33.30212],[-95.67833,33.30367],[-95.68329,33.30001],[-95.68662,33.30111],[-95.68588,33.30347],[-95.68855,33.302],[-95.68994,33.30305],[-95.69038,33.30113],[-95.69234,33.30289],[-95.69114,33.30578],[-95.69775,33.30835],[-95.6988,33.30576],[-95.70407,33.30731],[-95.70325,33.30431],[-95.7072,33.30562],[-95.70619,33.30319],[-95.70941,33.30305],[-95.71036,33.30161],[-95.71287,33.3028],[-95.71415,33.30143],[-95.71723,33.30182],[-95.72023,33.29941],[-95.71944,33.30145],[-95.72102,33.30424],[-95.72579,33.30216],[-95.72738,33.30291],[-95.72642,33.30488],[-95.72909,33.30543],[-95.73106,33.30522],[-95.72945,33.30394],[-95.73133,33.30362],[-95.73048,33.30206],[-95.73405,33.30318],[-95.734,33.30142],[-95.73942,33.30206],[-95.7416,33.29954],[-95.74024,33.29842],[-95.74359,33.2981],[-95.74198,33.29704],[-95.74741,33.29663],[-95.74722,33.29821],[-95.75062,33.29819],[-95.75408,33.29643],[-95.75819,33.29666],[-95.7595,33.29485],[-95.75646,33.28822],[-95.75882,33.28582],[-95.76033,33.28744],[-95.7635,33.28712],[-95.76321,33.28339],[-95.76772,33.28381],[-95.76638,33.27931],[-95.76981,33.2783],[-95.77108,33.27967],[-95.7717,33.27686],[-95.77424,33.27695],[-95.77192,33.27468],[-95.77708,33.27294],[-95.77516,33.27139],[-95.77773,33.26817],[-95.77899,33.26015],[-95.78377,33.25761],[-95.78668,33.254],[-95.792,33.25504],[-95.79085,33.25428],[-95.79418,33.25311],[-95.79558,33.25515],[-95.79532,33.25379],[-95.79983,33.25092],[-95.80406,33.2518],[-95.81026,33.24199],[-95.81229,33.24254],[-95.81306,33.2412],[-95.81455,33.24245],[-95.81435,33.24046],[-95.8156,33.24135],[-95.81552,33.23965],[-95.81747,33.23938],[-95.82009,33.24131],[-95.82296,33.24033],[-95.82279,33.23923],[-95.82452,33.23957],[-95.82308,33.23815],[-95.82519,33.23592],[-95.83056,33.23655],[-95.83034,33.23533],[-95.83204,33.23594],[-95.83187,33.23322],[-95.8332,33.23496],[-95.83469,33.23222],[-95.83535,33.23527],[-95.83695,33.23388],[-95.84422,33.23385],[-95.84325,33.23121],[-95.84679,33.23075],[-95.84557,33.22766],[-95.84714,33.22766],[-95.84732,33.2258],[-95.84853,33.22505],[-95.84992,33.22625],[-95.85307,33.22321],[-95.85908,33.22225],[-95.8582,33.22072],[-95.86039,33.21856],[-95.86178,33.21933],[-95.86252,32.97957],[-95.9453,32.97988],[-95.97212,32.90073],[-95.97374,32.89986],[-95.97266,32.89909],[-95.97456,32.89761],[-95.97452,32.89529],[-95.97737,32.89378],[-95.97643,32.89159],[-95.97813,32.88624],[-95.98293,32.88543],[-95.9828,32.88181],[-95.98607,32.88044],[-95.98726,32.87642],[-95.9866,32.87306],[-95.98011,32.86867],[-95.9804,32.86738],[-95.97418,32.86172],[-95.9711,32.86057],[-95.97098,32.85849],[-95.96802,32.85781],[-95.96864,32.85603],[-95.95849,32.85045],[-95.95678,32.84521],[-95.95012,32.84525],[-95.94903,32.84242],[-95.94681,32.84327],[-95.9473,32.8448],[-95.94407,32.84519],[-95.94308,32.84134],[-95.94122,32.84271],[-95.9415,32.84131],[-95.93982,32.84143],[-95.9381,32.84297],[-95.93494,32.84034],[-95.93443,32.83722],[-96.0768,32.83849],[-96.0759,32.3575],[-96.19562,32.3582],[-96.19693,32.35481],[-96.23151,32.35471],[-96.24974,32.35499],[-96.2497,32.35872],[-96.45237,32.35866],[-96.45366,32.35718],[-96.44844,32.3545],[-96.44931,32.35096],[-96.45456,32.35232],[-96.45145,32.34468],[-96.44378,32.34634],[-96.44095,32.34596],[-96.44075,32.34378],[-96.43733,32.34589],[-96.43692,32.34136],[-96.43052,32.33936],[-96.43023,32.33221],[-96.42623,32.33442],[-96.42589,32.33619],[-96.42164,32.33232],[-96.42001,32.33261],[-96.42039,32.33484],[-96.41753,32.33554],[-96.41568,32.33305],[-96.41214,32.33274],[-96.40812,32.3285],[-96.40493,32.32779],[-96.3908,32.33386],[-96.3852,32.33196],[-96.3813,32.32751],[-96.37472,32.32488],[-96.36722,32.31772],[-96.36437,32.31642],[-96.35933,32.31665],[-96.35307,32.31166],[-96.34883,32.31335],[-96.34532,32.31277],[-96.34374,32.3105],[-96.34539,32.30904],[-96.34236,32.30769],[-96.33953,32.30857],[-96.33902,32.30597],[-96.32821,32.30299],[-96.3244,32.30313],[-96.32328,32.30423],[-96.3244,32.30612],[-96.32312,32.3062],[-96.31584,32.30254],[-96.31743,32.30098],[-96.31516,32.3003],[-96.31264,32.30313],[-96.30966,32.29993],[-96.31134,32.29886],[-96.31011,32.2983],[-96.30719,32.29879],[-96.30749,32.30053],[-96.30426,32.30204],[-96.30482,32.29984],[-96.30303,32.29737],[-96.30042,32.30135],[-96.29868,32.30116],[-96.29657,32.29815],[-96.30048,32.29437],[-96.28888,32.29321],[-96.29365,32.29041],[-96.2882,32.2871],[-96.28401,32.27922],[-96.28473,32.27191],[-96.28936,32.27044],[-96.28989,32.26814],[-96.28488,32.26583],[-96.28507,32.25459],[-96.28155,32.25391],[-96.28037,32.25513],[-96.28215,32.25826],[-96.2782,32.26062],[-96.27664,32.25579],[-96.27367,32.25262],[-96.27221,32.25283],[-96.27171,32.25651],[-96.26767,32.2592],[-96.26468,32.25222],[-96.26225,32.24974],[-96.25949,32.25109],[-96.25655,32.24506],[-96.25103,32.24708],[-96.25531,32.24923],[-96.2544,32.25058],[-96.23508,32.2509],[-96.23319,32.2434],[-96.23614,32.24294],[-96.23589,32.24191],[-96.23221,32.24089],[-96.22937,32.23618],[-96.22032,32.23295],[-96.21715,32.23335],[-96.21628,32.22509],[-96.21489,32.224],[-96.2111,32.22644],[-96.20863,32.22351],[-96.2091,32.21865],[-96.20466,32.21822],[-96.20294,32.21437],[-96.20032,32.21431],[-96.19726,32.21598],[-96.19741,32.21998],[-96.19595,32.21954],[-96.19398,32.21641],[-96.19645,32.21296],[-96.19421,32.21121],[-96.1972,32.20927],[-96.19696,32.20694],[-96.19368,32.20422],[-96.18337,32.20176],[-96.18141,32.20456],[-96.17585,32.20394],[-96.17534,32.20636],[-96.17089,32.20698],[-96.15539,32.21497],[-96.1468,32.21194],[-96.14739,32.20734],[-96.16039,32.20438],[-96.15995,32.20057],[-96.15564,32.20044],[-96.15791,32.19133],[-96.16023,32.19005],[-96.16337,32.19054],[-96.16417,32.18777],[-96.16825,32.18691],[-96.1665,32.18309],[-96.17167,32.18529],[-96.17648,32.18138],[-96.17532,32.17337],[-96.17317,32.17156],[-96.17584,32.16824],[-96.17149,32.16855],[-96.16646,32.1661],[-96.16541,32.16257],[-96.16698,32.15867],[-96.16306,32.15598],[-96.15901,32.1549],[-96.15221,32.15842],[-96.14534,32.15281],[-96.14079,32.15335],[-96.13891,32.15138],[-96.12056,32.15674],[-96.11569,32.16092],[-96.11286,32.16032],[-96.11268,32.15678],[-96.10443,32.15266],[-96.10255,32.14813],[-96.10242,32.14227],[-96.1041,32.13848],[-96.10598,32.13524],[-96.11156,32.13198],[-96.1147,32.12649],[-96.11434,32.12012],[-96.11153,32.1158],[-96.1172,32.10405],[-96.11796,32.0982],[-96.11783,32.09498],[-96.11438,32.09105],[-96.11174,32.09053],[-96.10876,32.0855],[-96.1092,32.07711],[-96.10536,32.07534],[-96.10028,32.07777],[-96.0985,32.08168],[-96.09537,32.08068],[-96.09213,32.08189],[-96.08158,32.08148],[-96.06721,32.08599],[-96.06302,32.08086],[-96.06338,32.07667],[-96.06953,32.0765],[-96.07024,32.07476],[-96.0668,32.07142],[-96.0686,32.0664],[-96.06466,32.06541],[-96.06245,32.06294],[-96.06681,32.05844],[-96.064,32.05108],[-96.0661,32.04789],[-96.06465,32.04444],[-96.06646,32.03776],[-96.06219,32.0314],[-96.06353,32.02919],[-96.06158,32.025],[-96.05761,32.02062],[-96.05076,32.01678],[-96.05557,32.01461],[-96.05478,32.01253],[-96.49671,31.79619],[-96.25104,31.43672],[-96.23663,31.41339],[-96.32285,31.37407],[-96.31713,31.36201],[-96.31916,31.35713],[-96.62084,31.20905],[-96.72924,31.15391],[-96.8305,31.10522],[-96.8296,31.11041],[-97.07006,30.98603],[-97.25031,30.89511],[-97.25896,30.88958],[-97.31548,30.75236],[-97.62405,30.87],[-97.8281,30.90441],[-97.84036,30.92932],[-97.86289,30.96481],[-97.88658,31.00166],[-97.91169,31.03501],[-97.91385,31.06588],[-97.9071,31.06937]]]}},{"type":"Feature","properties":{"weather_zone":"NORTH"},"geometry":{"type":"MultiPolygon","coordinates":[[[[-99.612,32.95696],[-100.14422,32.95998],[-100.99018,32.96502],[-101.02381,32.96997],[-101.03866,32.97022],[-101.03879,33.39721],[-102.07593,33.38959],[-102.08573,33.82467],[-101.04116,33.83363],[-101.04148,34.31244],[-100.94613,34.31276],[-100.94494,34.74828],[-101.09075,34.74825],[-101.08628,35.18214],[-100.53898,35.18314],[-100.5407,34.74772],[-100.00038,34.74636],[-100.00038,34.56051],[-99.98583,34.56008],[-99.97156,34.56218],[-99.9589,34.57127],[-99.95457,34.5782],[-99.94572,34.57927],[-99.92321,34.57455],[-99.9218,34.57025],[-99.91577,34.56598],[-99.89894,34.5558],[-99.89376,34.55422],[-99.88715,34.54905],[-99.8744,34.5371],[-99.86895,34.52762],[-99.85307,34.51159],[-99.8329,34.50007],[-99.82532,34.4976],[-99.82228,34.4981],[-99.81672,34.48972],[-99.81874,34.48498],[-99.81431,34.4762],[-99.79368,34.45389],[-99.78661,34.45151],[-99.78299,34.44436],[-99.77574,34.44422],[-99.7656,34.43749],[-99.76488,34.43527],[-99.76723,34.4305],[-99.75425,34.42129],[-99.72026,34.40629],[-99.71509,34.40075],[-99.71484,34.39452],[-99.71268,34.39093],[-99.70666,34.38598],[-99.70119,34.3852],[-99.69497,34.37833],[-99.67828,34.3798],[-99.6627,34.37368],[-99.65419,34.37652],[-99.64651,34.38254],[-99.63386,34.37876],[-99.6309,34.37601],[-99.6242,34.37358],[-99.60726,34.37693],[-99.60003,34.37469],[-99.58544,34.38891],[-99.58448,34.40767],[-99.58006,34.41665],[-99.5697,34.41842],[-99.5622,34.41732],[-99.54924,34.41272],[-99.52979,34.41145],[-99.51762,34.41449],[-99.5111,34.41271],[-99.5069,34.40952],[-99.49988,34.40961],[-99.48722,34.39795],[-99.47379,34.39535],[-99.47031,34.39675],[-99.46638,34.3959],[-99.46246,34.39114],[-99.46105,34.38067],[-99.45508,34.38126],[-99.45473,34.38841],[-99.45265,34.38825],[-99.44067,34.37277],[-99.43647,34.37054],[-99.43104,34.37112],[-99.42932,34.37583],[-99.43001,34.38102],[-99.4275,34.38514],[-99.4249,34.38582],[-99.42191,34.3842],[-99.42071,34.38039],[-99.40717,34.37261],[-99.40296,34.37348],[-99.39684,34.37942],[-99.39592,34.39573],[-99.38765,34.41198],[-99.39392,34.41527],[-99.39714,34.41941],[-99.39682,34.4247],[-99.39331,34.42761],[-99.39305,34.43192],[-99.39612,34.43497],[-99.39496,34.4421],[-99.38101,34.45694],[-99.37536,34.45885],[-99.36961,34.4587],[-99.3588,34.45586],[-99.35467,34.45186],[-99.35671,34.44214],[-99.34134,34.43106],[-99.33404,34.42754],[-99.32867,34.42238],[-99.31961,34.40887],[-99.31637,34.4082],[-99.30827,34.41001],[-99.29465,34.41537],[-99.28644,34.41302],[-99.28284,34.40748],[-99.28317,34.40295],[-99.27883,34.40026],[-99.26957,34.40191],[-99.26631,34.40548],[-99.26132,34.4035],[-99.26182,34.39504],[-99.25898,34.39124],[-99.26451,34.38809],[-99.27389,34.38758],[-99.27486,34.38492],[-99.27128,34.3816],[-99.26044,34.37808],[-99.25861,34.37265],[-99.25463,34.37242],[-99.24897,34.37598],[-99.24286,34.37268],[-99.24812,34.36743],[-99.24701,34.36478],[-99.24445,34.3637],[-99.23756,34.3667],[-99.23618,34.36517],[-99.23723,34.36272],[-99.23425,34.35346],[-99.22864,34.34856],[-99.23426,34.34087],[-99.22924,34.33652],[-99.21734,34.34152],[-99.2069,34.33828],[-99.21008,34.33771],[-99.21078,34.33098],[-99.20972,34.32494],[-99.20582,34.32008],[-99.20658,34.31696],[-99.21348,34.31067],[-99.21025,34.30094],[-99.21145,34.29275],[-99.20777,34.28382],[-99.20022,34.28115],[-99.19626,34.28146],[-99.19446,34.27188],[-99.19802,34.26272],[-99.1918,34.25644],[-99.19715,34.2443],[-99.19015,34.22966],[-99.19268,34.21883],[-99.18951,34.21431],[-99.15902,34.20888],[-99.15682,34.20721],[-99.15134,34.2076],[-99.13822,34.21916],[-99.13061,34.21941],[-99.12755,34.21799],[-99.12661,34.21533],[-99.13009,34.21219],[-99.13188,34.20738],[-99.12657,34.203],[-99.1192,34.20175],[-99.11284,34.20582],[-99.1063,34.2047],[-99.10219,34.20548],[-99.10025,34.20887],[-99.09527,34.21184],[-99.08892,34.20848],[-99.07954,34.21152],[-99.06646,34.2084],[-99.06034,34.20476],[-99.05808,34.20057],[-99.04347,34.19821],[-99.03627,34.20691],[-99.01308,34.20322],[-99.00292,34.20878],[-99.00343,34.21447],[-99.00076,34.21764],[-98.99085,34.22163],[-98.98729,34.22122],[-98.98136,34.21758],[-98.97413,34.20357],[-98.9663,34.20132],[-98.96247,34.20467],[-98.96231,34.21131],[-98.96079,34.21303],[-98.95848,34.21385],[-98.95251,34.21265],[-98.94022,34.20369],[-98.91833,34.18183],[-98.90935,34.1775],[-98.89215,34.17235],[-98.88604,34.16792],[-98.87292,34.16658],[-98.87121,34.16301],[-98.87487,34.15566],[-98.86812,34.14963],[-98.86012,34.14991],[-98.8579,34.15963],[-98.85558,34.16162],[-98.83668,34.1565],[-98.83112,34.16215],[-98.81295,34.15844],[-98.80441,34.15393],[-98.7962,34.14277],[-98.79202,34.14374],[-98.7884,34.14667],[-98.77942,34.14023],[-98.76557,34.13638],[-98.76056,34.13239],[-98.75965,34.12691],[-98.75704,34.12463],[-98.74197,34.12553],[-98.73429,34.13576],[-98.72363,34.13519],[-98.71754,34.13645],[-98.71247,34.13116],[-98.70305,34.1359],[-98.6906,34.13297],[-98.64807,34.16444],[-98.64322,34.16453],[-98.61673,34.15642],[-98.61183,34.15656],[-98.60398,34.16025],[-98.59979,34.16057],[-98.57714,34.14896],[-98.56722,34.1381],[-98.56019,34.1332],[-98.55284,34.13357],[-98.55052,34.13219],[-98.55185,34.12713],[-98.55432,34.1266],[-98.55859,34.12825],[-98.56057,34.12357],[-98.55387,34.11954],[-98.55092,34.11933],[-98.53626,34.10734],[-98.5282,34.09496],[-98.51688,34.08598],[-98.50415,34.07229],[-98.49415,34.06982],[-98.48633,34.0626],[-98.48204,34.06227],[-98.47146,34.06567],[-98.466,34.07308],[-98.44903,34.07346],[-98.44372,34.08215],[-98.44009,34.08431],[-98.42914,34.08556],[-98.42523,34.0848],[-98.42353,34.08284],[-98.4188,34.08266],[-98.41159,34.08806],[-98.4096,34.09407],[-98.41137,34.10032],[-98.40674,34.10114],[-98.40216,34.09865],[-98.39978,34.09997],[-98.39816,34.1214],[-98.40097,34.12224],[-98.39502,34.13132],[-98.38869,34.13322],[-98.38296,34.12955],[-98.37976,34.13117],[-98.38106,34.13477],[-98.38623,34.13773],[-98.38708,34.14091],[-98.38455,34.146],[-98.38165,34.1492],[-98.3705,34.15213],[-98.36562,34.15699],[-98.32544,34.15102],[-98.30021,34.13458],[-98.2939,34.13302],[-98.28032,34.13075],[-98.26622,34.13205],[-98.25647,34.12948],[-98.23104,34.13402],[-98.2236,34.12509],[-98.20371,34.11768],[-98.16912,34.11417],[-98.15435,34.12273],[-98.13082,34.15053],[-98.12338,34.15454],[-98.10946,34.15411],[-98.10194,34.14683],[-98.10056,34.14214],[-98.10317,34.13519],[-98.1005,34.13137],[-98.09202,34.13194],[-98.08976,34.12821],[-98.09242,34.11692],[-98.09933,34.10429],[-98.11942,34.08447],[-98.12104,34.08127],[-98.12021,34.07213],[-98.11459,34.06228],[-98.0991,34.04864],[-98.08384,34.04172],[-98.08381,34.03666],[-98.09237,34.03393],[-98.098,34.03824],[-98.10354,34.03853],[-98.10626,34.03415],[-98.09844,34.02392],[-98.08956,34.01927],[-98.08268,34.0108],[-98.0882,34.00548],[-98.08284,34.00241],[-98.0552,33.99584],[-98.04112,33.99346],[-98.02767,33.99336],[-98.00567,33.99596],[-97.98739,33.99982],[-97.97417,34.00672],[-97.95832,33.99085],[-97.94647,33.99073],[-97.94595,33.9884],[-97.96035,33.95193],[-97.97417,33.94283],[-97.97406,33.94029],[-97.97118,33.93713],[-97.96342,33.93624],[-97.95551,33.93819],[-97.9534,33.93645],[-97.95268,33.92948],[-97.95716,33.91445],[-97.96446,33.9074],[-97.96987,33.906],[-97.97696,33.91255],[-97.9788,33.91255],[-97.98355,33.904],[-97.98377,33.8972],[-97.97786,33.88993],[-97.96778,33.88243],[-97.95844,33.87918],[-97.95122,33.87842],[-97.94273,33.87985],[-97.93674,33.8792],[-97.89674,33.85798],[-97.8832,33.85436],[-97.87739,33.85024],[-97.86577,33.84939],[-97.84326,33.85684],[-97.83433,33.85767],[-97.83087,33.86179],[-97.81902,33.86991],[-97.81924,33.87909],[-97.81643,33.88208],[-97.81251,33.88115],[-97.8075,33.8764],[-97.80263,33.87997],[-97.80198,33.89425],[-97.79776,33.89929],[-97.79369,33.89966],[-97.79078,33.89831],[-97.78802,33.89182],[-97.7847,33.89064],[-97.78007,33.89539],[-97.77968,33.89924],[-97.78034,33.90483],[-97.78608,33.91324],[-97.7851,33.91682],[-97.7797,33.91972],[-97.77552,33.91811],[-97.77267,33.91438],[-97.76377,33.91424],[-97.7594,33.91882],[-97.76277,33.9344],[-97.75296,33.93705],[-97.73372,33.93639],[-97.72529,33.94105],[-97.70968,33.955],[-97.69311,33.9837],[-97.68802,33.98661],[-97.67177,33.99137],[-97.65621,33.98949],[-97.63378,33.98126],[-97.61555,33.96956],[-97.60909,33.96809],[-97.60097,33.96066],[-97.59947,33.95632],[-97.5962,33.95452],[-97.59042,33.9541],[-97.58883,33.95188],[-97.59542,33.94144],[-97.59121,33.93125],[-97.59151,33.9282],[-97.59616,33.92211],[-97.59712,33.91787],[-97.59368,33.91011],[-97.59093,33.9096],[-97.58925,33.90392],[-97.58108,33.89968],[-97.5725,33.89926],[-97.56696,33.90158],[-97.56279,33.90093],[-97.55827,33.8971],[-97.55154,33.89795],[-97.53272,33.90658],[-97.52528,33.91175],[-97.50096,33.91964],[-97.48651,33.91699],[-97.46038,33.90395],[-97.45095,33.8914],[-97.45147,33.87093],[-97.45762,33.85513],[-97.46149,33.84956],[-97.46286,33.84177],[-97.45907,33.83458],[-97.45306,33.82854],[-97.44419,33.82377],[-97.42649,33.8194],[-97.37294,33.81945],[-97.36551,33.82376],[-97.35851,33.83002],[-97.34834,33.84388],[-97.3392,33.86206],[-97.33592,33.87917],[-97.33246,33.88425],[-97.32581,33.88389],[-97.32345,33.87846],[-97.33338,33.86415],[-97.33462,33.85723],[-97.32873,33.85543],[-97.31441,33.86699],[-97.30995,33.87445],[-97.31014,33.88853],[-97.30556,33.88643],[-97.28598,33.86853],[-97.27535,33.86322],[-97.27561,33.85817],[-97.27031,33.85822],[-97.26509,33.86241],[-97.25663,33.86329],[-97.24921,33.8751],[-97.24495,33.90309],[-97.24209,33.90628],[-97.22652,33.91464],[-97.21092,33.91606],[-97.18546,33.9007],[-97.18084,33.8952],[-97.16663,33.84731],[-97.16682,33.8404],[-97.17163,33.83533],[-97.18137,33.83137],[-97.19369,33.83131],[-97.1997,33.82732],[-97.20351,33.82182],[-97.2057,33.80291],[-97.20049,33.7932],[-97.19081,33.78177],[-97.18772,33.76983],[-97.19282,33.76117],[-97.18532,33.7555],[-97.18184,33.75587],[-97.17219,33.73754],[-97.16315,33.72932],[-97.14939,33.72197],[-97.13753,33.71866],[-97.1211,33.71717],[-97.10894,33.72029],[-97.09715,33.72781],[-97.0862,33.74393],[-97.08469,33.75315],[-97.08522,33.76551],[-97.09524,33.79414],[-97.09211,33.8041],[-97.088,33.80875],[-97.07859,33.81276],[-97.04815,33.81746],[-97.04932,33.82979],[-97.05302,33.83388],[-97.05834,33.83676],[-97.06949,33.83941],[-97.08773,33.84196],[-97.09048,33.84484],[-97.08725,33.85345],[-97.06807,33.86046],[-97.05983,33.8584],[-97.05584,33.85574],[-97.04613,33.83956],[-97.04124,33.83776],[-97.02144,33.84638],[-97.00986,33.85976],[-96.99709,33.87102],[-96.98384,33.89095],[-96.98494,33.90487],[-96.98874,33.91847],[-96.99502,33.93203],[-96.99618,33.94173],[-96.99429,33.94921],[-96.98789,33.95467],[-96.97942,33.95618],[-96.98103,33.94916],[-96.97982,33.94159],[-96.97696,33.93745],[-96.97254,33.93579],[-96.92211,33.95958],[-96.9163,33.9578],[-96.91134,33.95396],[-96.90243,33.94202],[-96.89944,33.93373],[-96.89573,33.89641],[-96.88301,33.86802],[-96.87528,33.86051],[-96.86644,33.85315],[-96.85609,33.84749],[-96.85059,33.84721],[-96.8459,33.84897],[-96.84159,33.85289],[-96.83978,33.8684],[-96.83216,33.87484],[-96.79428,33.86889],[-96.78348,33.86353],[-96.78057,33.8601],[-96.77677,33.84198],[-96.77068,33.82962],[-96.76624,33.82546],[-96.76159,33.82441],[-96.74604,33.8257],[-96.71242,33.83163],[-96.70446,33.83502],[-96.69957,33.83905],[-96.69071,33.84996],[-96.68473,33.8629],[-96.68221,33.87388],[-96.68346,33.88422],[-96.68095,33.8962],[-96.67345,33.91228],[-96.66719,33.91694],[-96.6599,33.91667],[-96.62829,33.89448],[-96.58793,33.89478],[-96.58536,33.88895],[-96.59011,33.88067],[-96.59735,33.8751],[-96.61197,33.86902],[-96.62897,33.85241],[-96.62929,33.84549],[-96.62316,33.84148],[-96.59293,33.83092],[-96.57294,33.8191],[-96.55122,33.81913],[-96.53286,33.82301],[-96.52666,33.82089],[-96.51991,33.81135],[-96.51658,33.80317],[-96.51591,33.7878],[-96.51191,33.78148],[-96.50027,33.77258],[-96.48606,33.77301],[-96.46787,33.77579],[-96.45915,33.77523],[-96.44804,33.78103],[-96.43021,33.77865],[-96.42264,33.77604],[-96.41756,33.76904],[-96.41341,33.75771],[-96.40847,33.75119],[-96.36959,33.71681],[-96.36325,33.70105],[-96.3622,33.69182],[-96.35595,33.68715],[-96.34831,33.68638],[-96.33801,33.68873],[-96.33187,33.69345],[-96.3211,33.6951],[-96.31692,33.699],[-96.30996,33.71049],[-96.30704,33.71999],[-96.30739,33.73501],[-96.30301,33.75088],[-96.29371,33.76941],[-96.28825,33.77122],[-96.26359,33.76747],[-96.22902,33.74802],[-96.22052,33.74739],[-96.1999,33.75212],[-96.17806,33.76052],[-96.16945,33.77013],[-96.16276,33.78877],[-96.16111,33.80577],[-96.15636,33.81335],[-96.16194,33.81317],[-96.16699,33.8111],[-96.17037,33.79938],[-96.17515,33.80195],[-96.17896,33.81055],[-96.17589,33.81463],[-96.16481,33.8178],[-96.15076,33.81699],[-96.14879,33.8192],[-96.15163,33.83195],[-96.14807,33.8378],[-96.12295,33.83996],[-96.10999,33.8324],[-96.09936,33.83047],[-96.09745,33.83273],[-96.09764,33.83793],[-96.10135,33.84572],[-96.1001,33.84797],[-96.08463,33.84666],[-96.04883,33.83647],[-96.03719,33.84125],[-96.03137,33.84725],[-96.02944,33.85635],[-96.02391,33.85707],[-96.01954,33.8535],[-96.02324,33.84248],[-96.0196,33.84057],[-96.00163,33.8477],[-95.99586,33.85569],[-95.99452,33.86146],[-96.00134,33.8635],[-96.00444,33.86974],[-96.00341,33.87234],[-95.99862,33.87223],[-95.98919,33.86859],[-95.98425,33.8644],[-95.98396,33.85858],[-95.98551,33.85569],[-95.98425,33.85266],[-95.97216,33.85637],[-95.94428,33.85981],[-95.94127,33.86162],[-95.93245,33.88322],[-95.92956,33.885],[-95.92271,33.88376],[-95.89456,33.86741],[-95.88669,33.86481],[-95.86691,33.85147],[-95.85552,33.84926],[-95.84524,33.83907],[-95.83752,33.83564],[-95.83195,33.83516],[-95.82279,33.83876],[-95.81898,33.84446],[-95.82167,33.85663],[-95.81762,33.85902],[-95.80515,33.8613],[-95.78987,33.85769],[-95.7824,33.85105],[-95.77988,33.85133],[-95.7759,33.84731],[-95.77056,33.84527],[-95.76359,33.84682],[-95.75746,33.85004],[-95.75175,33.85556],[-95.75164,33.8611],[-95.76256,33.87437],[-95.76192,33.8834],[-95.75637,33.89263],[-95.7459,33.89632],[-95.73769,33.89655],[-95.73296,33.89588],[-95.71831,33.88966],[-95.71409,33.88589],[-95.71054,33.885],[-95.69788,33.88611],[-95.68483,33.89023],[-95.66547,33.90898],[-95.65636,33.91009],[-95.64016,33.90498],[-95.62906,33.90587],[-95.61642,33.92741],[-95.60377,33.92918],[-95.6007,33.93127],[-95.59666,33.94206],[-95.59383,33.94303],[-95.58956,33.94161],[-95.5809,33.93384],[-95.5638,33.93296],[-95.55448,33.92807],[-95.54848,33.90853],[-95.54804,33.90121],[-95.55092,33.89299],[-95.55026,33.88833],[-95.54832,33.88274],[-95.5452,33.88029],[-95.53328,33.88116],[-95.52014,33.88933],[-95.51074,33.89788],[-95.50519,33.89499],[-95.50563,33.87723],[-95.5023,33.87474],[-95.48454,33.8759],[-95.47255,33.88034],[-95.46611,33.88655],[-95.46167,33.887],[-95.45945,33.88633],[-95.45945,33.88411],[-95.46421,33.87337],[-95.46234,33.87168],[-95.44093,33.86643],[-95.42731,33.87045],[-95.40206,33.86419],[-95.38464,33.86843],[-95.36252,33.86658],[-95.34342,33.87254],[-95.33485,33.87683],[-95.33197,33.87975],[-95.32986,33.88554],[-95.32644,33.88607],[-95.31443,33.88163],[-95.30579,33.8748],[-95.2893,33.8731],[-95.28092,33.8754],[-95.27877,33.87791],[-95.27794,33.88751],[-95.28035,33.89675],[-95.2843,33.89924],[-95.28559,33.90336],[-95.28298,33.9074],[-95.27858,33.91019],[-95.27067,33.91151],[-95.26613,33.90977],[-95.26589,33.89538],[-95.26402,33.88976],[-95.2606,33.88765],[-95.25269,33.89423],[-95.24974,33.90276],[-95.24827,33.92019],[-95.25017,33.9385],[-95.24585,33.94375],[-95.23288,33.94974],[-95.23038,33.95577],[-95.23064,33.9598],[-95.22639,33.96195],[-95.21763,33.96265],[-95.20688,33.95909],[-95.19703,33.9531],[-95.17115,33.94651],[-95.1583,33.93753],[-95.14007,33.93478],[-95.13106,33.93692],[-95.1247,33.93467],[-95.12118,33.93131],[-95.12086,33.92812],[-95.13164,33.91603],[-95.13125,33.91224],[-95.12644,33.90708],[-95.12204,33.90479],[-95.11714,33.90362],[-95.11258,33.9046],[-95.10479,33.9096],[-95.08911,33.9142],[-95.08239,33.92176],[-95.07795,33.9187],[-95.07637,33.91538],[-95.07853,33.91028],[-95.08676,33.90382],[-95.09676,33.8997],[-95.10017,33.8961],[-95.09891,33.89088],[-95.08961,33.88086],[-95.08241,33.87988],[-95.08059,33.88226],[-95.07882,33.90303],[-95.0751,33.90891],[-95.07405,33.91535],[-95.06873,33.9176],[-95.06569,33.91597],[-95.06325,33.91326],[-95.06334,33.91087],[-95.06592,33.9087],[-95.0705,33.9084],[-95.07241,33.9027],[-95.06558,33.90356],[-95.0601,33.90187],[-95.05824,33.88755],[-95.05057,33.8775],[-95.05082,33.86944],[-95.04942,33.86481],[-95.04657,33.86256],[-95.01728,33.85795],[-95.01235,33.85801],[-95.00199,33.86305],[-94.99748,33.8605],[-94.99267,33.85246],[-94.98849,33.851],[-94.98165,33.85228],[-94.97341,33.86173],[-94.9689,33.86092],[-94.9644,33.83702],[-94.94948,33.83353],[-94.94383,33.8293],[-94.95352,33.81647],[-94.94787,33.80836],[-94.93999,33.80568],[-94.92522,33.80868],[-94.92307,33.81136],[-94.9231,33.81546],[-94.92629,33.82261],[-94.92607,33.82853],[-94.922,33.82878],[-94.91476,33.82449],[-94.91209,33.82047],[-94.91021,33.81243],[-94.91262,33.80868],[-94.91703,33.80832],[-94.92196,33.7916],[-94.91143,33.77838],[-94.90417,33.7772],[-94.9042,33.77325],[-94.89772,33.76884],[-94.88775,33.76902],[-94.88385,33.76324],[-94.8765,33.75741],[-94.8748,33.75789],[-94.87394,33.76057],[-94.87384,33.77032],[-94.86814,33.76887],[-94.86606,33.76616],[-94.86674,33.76183],[-94.87708,33.75222],[-94.8693,33.74587],[-94.86069,33.74195],[-94.8493,33.73959],[-94.83072,33.7405],[-94.82804,33.73916],[-94.82832,33.73495],[-94.82247,33.73272],[-94.82009,33.73483],[-94.82304,33.74753],[-94.83084,33.75808],[-94.83009,33.76366],[-94.82529,33.76853],[-94.82178,33.76875],[-94.81857,33.7677],[-94.81616,33.7634],[-94.81666,33.75526],[-94.81216,33.75094],[-94.81606,33.73921],[-94.8111,33.73483],[-94.80225,33.73279],[-94.79584,33.73759],[-94.78097,33.7448],[-94.77492,33.75811],[-94.7705,33.76094],[-94.76444,33.76018],[-94.76006,33.75829],[-94.7572,33.75482],[-94.75781,33.75011],[-94.76175,33.7468],[-94.77382,33.74651],[-94.77739,33.7452],[-94.78825,33.73532],[-94.78264,33.73025],[-94.77313,33.72719],[-94.7606,33.72705],[-94.75251,33.73447],[-94.74824,33.72471],[-94.75761,33.71716],[-94.75213,33.71384],[-94.74715,33.71529],[-94.74511,33.71791],[-94.74398,33.725],[-94.74178,33.72687],[-94.73518,33.72662],[-94.73263,33.72392],[-94.73279,33.72003],[-94.73857,33.7145],[-94.75327,33.71028],[-94.7538,33.70773],[-94.75202,33.70494],[-94.7461,33.70277],[-94.74692,33.32894],[-94.74948,33.32705],[-94.75242,33.3194],[-94.75624,33.31762],[-94.75875,33.3186],[-94.7614,33.31736],[-94.76189,33.31915],[-94.76009,33.3208],[-94.76396,33.32289],[-94.76527,33.32085],[-94.76702,33.32206],[-94.77466,33.31828],[-94.77817,33.31961],[-94.78169,33.3189],[-94.78131,33.32016],[-94.77604,33.32101],[-94.78401,33.32383],[-94.78172,33.32761],[-94.7797,33.32767],[-94.78,33.33104],[-94.77721,33.33164],[-94.77708,33.33297],[-94.7809,33.33498],[-94.78169,33.33791],[-94.78229,33.33505],[-94.78444,33.33746],[-94.78835,33.33677],[-94.78941,33.33842],[-94.78731,33.33888],[-94.78813,33.34128],[-94.78281,33.34202],[-94.78187,33.34426],[-94.78488,33.34316],[-94.78619,33.34444],[-94.78488,33.34531],[-94.7852,33.34909],[-94.78682,33.34925],[-94.78802,33.34607],[-94.79042,33.34495],[-94.79066,33.34868],[-94.79757,33.34861],[-94.79462,33.35296],[-94.79175,33.35228],[-94.79104,33.35532],[-94.79265,33.3567],[-94.79484,33.35386],[-94.79672,33.35457],[-94.79768,33.35637],[-94.79494,33.35766],[-94.79489,33.36009],[-94.79593,33.36155],[-94.80013,33.36187],[-94.80081,33.36535],[-94.80564,33.36487],[-94.80753,33.36597],[-94.80878,33.36364],[-94.8105,33.3651],[-94.81495,33.36286],[-94.81402,33.36416],[-94.81547,33.36632],[-94.81209,33.36718],[-94.81206,33.36909],[-94.81531,33.36977],[-94.81596,33.372],[-94.812,33.37177],[-94.81271,33.37558],[-94.82423,33.37937],[-94.82838,33.37904],[-94.83015,33.38278],[-94.83256,33.38252],[-94.83387,33.38388],[-94.8351,33.38342],[-94.83433,33.37943],[-94.83594,33.37941],[-94.83662,33.38381],[-94.83924,33.38518],[-94.83736,33.38229],[-94.84066,33.38223],[-94.84156,33.3809],[-94.844,33.38321],[-94.84552,33.38232],[-94.84342,33.38062],[-94.84629,33.37883],[-94.84918,33.38385],[-94.85142,33.38012],[-94.85278,33.38227],[-94.85415,33.38245],[-94.8545,33.37972],[-94.85729,33.3816],[-94.85759,33.3767],[-94.86469,33.38038],[-94.86319,33.38192],[-94.86867,33.38334],[-94.86908,33.38515],[-94.86562,33.38501],[-94.87001,33.38622],[-94.86884,33.38902],[-94.87419,33.39197],[-94.87596,33.39101],[-94.8776,33.39211],[-94.87598,33.39419],[-94.8893,33.39848],[-94.88977,33.39502],[-94.89529,33.39244],[-94.896,33.39386],[-94.89843,33.39393],[-94.89985,33.3898],[-94.90457,33.38937],[-94.90766,33.38385],[-94.90921,33.38475],[-94.90869,33.38706],[-94.91123,33.38777],[-94.91301,33.38452],[-94.91465,33.38475],[-94.91552,33.38791],[-94.91825,33.38756],[-94.92212,33.3842],[-94.92903,33.38438],[-94.93187,33.38866],[-94.93515,33.38592],[-94.93512,33.38908],[-94.94336,33.38935],[-94.94473,33.39187],[-94.95306,33.39084],[-94.95206,33.39516],[-94.95338,33.39607],[-94.9566,33.39643],[-94.9542,33.39448],[-94.9613,33.39224],[-94.96119,33.38997],[-94.9648,33.39077],[-94.96646,33.38793],[-94.9732,33.38852],[-94.97424,33.38749],[-94.97454,33.38893],[-94.97774,33.38974],[-94.97762,33.38799],[-94.98191,33.38721],[-94.98303,33.38799],[-94.98167,33.39189],[-94.98372,33.39193],[-94.98461,33.38932],[-94.98658,33.38882],[-94.99177,33.3922],[-94.99362,33.39135],[-94.99288,33.38877],[-94.99504,33.38876],[-94.99857,33.3917],[-95.00312,33.39051],[-94.99976,33.39419],[-95.00473,33.39536],[-95.00885,33.39211],[-95.01213,33.39319],[-95.01402,33.39031],[-95.01713,33.39095],[-95.01778,33.38847],[-95.0153,33.38669],[-95.01754,33.38735],[-95.0168,33.38467],[-95.01994,33.38415],[-95.02002,33.38094],[-95.02349,33.38401],[-95.02473,33.38255],[-95.02798,33.38355],[-95.03166,33.3823],[-95.03234,33.38473],[-95.03327,33.38183],[-95.03479,33.38167],[-95.03488,33.38329],[-95.04052,33.38483],[-95.04179,33.38421],[-95.0384,33.38108],[-95.03969,33.3801],[-95.04155,33.3826],[-95.04244,33.38161],[-95.04958,33.38298],[-95.0493,33.385],[-95.05196,33.38518],[-95.05123,33.38868],[-95.0531,33.38918],[-95.05513,33.38563],[-95.05505,33.38833],[-95.05863,33.38595],[-95.0596,33.38709],[-95.05761,33.39158],[-95.05973,33.3921],[-95.0652,33.38942],[-95.06657,33.39121],[-95.06891,33.39093],[-95.06872,33.38906],[-95.07074,33.38947],[-95.07003,33.38683],[-95.07268,33.38754],[-95.07421,33.38589],[-95.07639,33.38617],[-95.09335,33.39757],[-95.09564,33.39498],[-95.09452,33.39288],[-95.09941,33.39336],[-95.10113,33.39663],[-95.10626,33.3929],[-95.10618,33.39141],[-95.10863,33.39189],[-95.10904,33.38937],[-95.11278,33.3904],[-95.11404,33.38849],[-95.11865,33.38893],[-95.12042,33.38581],[-95.12326,33.38948],[-95.13392,33.38609],[-95.13768,33.38703],[-95.14006,33.38532],[-95.14598,33.38804],[-95.14293,33.38328],[-95.1456,33.38204],[-95.14658,33.38296],[-95.15404,33.38214],[-95.15344,33.38076],[-95.16054,33.37987],[-95.16228,33.3801],[-95.1581,33.38312],[-95.16094,33.38296],[-95.16081,33.38418],[-95.16558,33.38551],[-95.1661,33.38274],[-95.1699,33.38278],[-95.17083,33.37978],[-95.17249,33.37978],[-95.17328,33.3829],[-95.17511,33.38212],[-95.17462,33.38042],[-95.17623,33.38038],[-95.17701,33.3778],[-95.18005,33.38171],[-95.18223,33.38042],[-95.18308,33.37722],[-95.18502,33.37726],[-95.18633,33.37944],[-95.18848,33.37896],[-95.18597,33.3758],[-95.1907,33.37402],[-95.19883,33.37468],[-95.19684,33.37584],[-95.19875,33.37758],[-95.19446,33.37811],[-95.19675,33.37976],[-95.20639,33.38063],[-95.20636,33.37946],[-95.21422,33.379],[-95.21706,33.37591],[-95.21815,33.37889],[-95.22301,33.37815],[-95.22025,33.37561],[-95.22965,33.37556],[-95.22782,33.37399],[-95.22905,33.37341],[-95.22818,33.37067],[-95.23179,33.37007],[-95.23079,33.37166],[-95.23371,33.37363],[-95.235,33.37322],[-95.2343,33.37071],[-95.23664,33.37087],[-95.23686,33.36927],[-95.23829,33.36928],[-95.23942,33.37074],[-95.24064,33.36823],[-95.25094,33.37068],[-95.25185,33.36794],[-95.25613,33.36769],[-95.25725,33.37053],[-95.26017,33.3697],[-95.259,33.36693],[-95.26096,33.36693],[-95.26211,33.3706],[-95.26558,33.37245],[-95.26756,33.37103],[-95.26691,33.37307],[-95.26835,33.37275],[-95.27138,33.37664],[-95.27258,33.37339],[-95.27845,33.37369],[-95.28055,33.37697],[-95.28327,33.37483],[-95.28493,33.37462],[-95.28534,33.37756],[-95.28982,33.37559],[-95.28911,33.37784],[-95.29246,33.38007],[-95.29599,33.37987],[-95.29558,33.38118],[-95.29759,33.3808],[-95.29912,33.38274],[-95.30153,33.37833],[-95.30438,33.37924],[-95.30664,33.37803],[-95.30807,33.38075],[-95.3084,33.37769],[-95.31004,33.38002],[-95.31306,33.37953],[-95.31386,33.38079],[-95.31868,33.37971],[-95.31824,33.38186],[-95.32084,33.3796],[-95.32202,33.3791],[-95.3229,33.3806],[-95.32413,33.37939],[-95.3238,33.38099],[-95.32746,33.38073],[-95.32646,33.38239],[-95.3286,33.38215],[-95.32989,33.38542],[-95.33379,33.38629],[-95.33408,33.38451],[-95.33677,33.38786],[-95.33688,33.38625],[-95.33838,33.38668],[-95.33949,33.38498],[-95.34094,33.38596],[-95.33999,33.38795],[-95.34566,33.38784],[-95.34633,33.38923],[-95.35389,33.38689],[-95.35609,33.3907],[-95.35709,33.38956],[-95.35997,33.39159],[-95.3615,33.39012],[-95.36347,33.39372],[-95.36548,33.39223],[-95.36879,33.39431],[-95.37297,33.39094],[-95.37782,33.39548],[-95.37956,33.3997],[-95.38092,33.39752],[-95.38558,33.39806],[-95.39003,33.40213],[-95.39679,33.39892],[-95.39664,33.40185],[-95.39832,33.40437],[-95.39966,33.40416],[-95.39829,33.40819],[-95.39975,33.40978],[-95.40197,33.41056],[-95.40489,33.4089],[-95.40894,33.40977],[-95.41025,33.41173],[-95.41451,33.41086],[-95.4169,33.41219],[-95.41629,33.41441],[-95.41763,33.41412],[-95.41642,33.41626],[-95.42136,33.41669],[-95.42193,33.41507],[-95.42316,33.41697],[-95.4214,33.41757],[-95.42324,33.41825],[-95.42544,33.41666],[-95.42549,33.41949],[-95.42697,33.41865],[-95.42962,33.42225],[-95.43194,33.42126],[-95.433,33.42232],[-95.42992,33.42432],[-95.43127,33.42403],[-95.43284,33.4272],[-95.44161,33.42927],[-95.44467,33.43305],[-95.45357,33.43514],[-95.4646,33.43389],[-95.46586,33.43559],[-95.46457,33.4373],[-95.46845,33.43803],[-95.47258,33.44253],[-95.47065,33.44416],[-95.47451,33.44653],[-95.47374,33.44805],[-95.47824,33.44863],[-95.48126,33.45224],[-95.48499,33.45095],[-95.4844,33.45284],[-95.49348,33.45561],[-95.49232,33.45393],[-95.49392,33.4533],[-95.49214,33.45148],[-95.49731,33.45051],[-95.49619,33.44971],[-95.49901,33.44822],[-95.5009,33.4434],[-95.5048,33.44193],[-95.5106,33.44486],[-95.51948,33.44409],[-95.52696,33.44592],[-95.5315,33.45223],[-95.54076,33.45534],[-95.54236,33.45742],[-95.54438,33.45696],[-95.54386,33.45793],[-95.54814,33.46054],[-95.5486,33.46474],[-95.55008,33.46455],[-95.54801,33.46597],[-95.54917,33.46787],[-95.55671,33.4701],[-95.55502,33.472],[-95.56191,33.47179],[-95.56033,33.47457],[-95.56584,33.47706],[-95.56846,33.4758],[-95.56908,33.47372],[-95.57607,33.47242],[-95.57662,33.47069],[-95.57835,33.47192],[-95.58201,33.46917],[-95.58539,33.47113],[-95.59045,33.46901],[-95.5919,33.47047],[-95.59083,33.47247],[-95.5931,33.47229],[-95.59408,33.47632],[-95.59563,33.47682],[-95.59295,33.48013],[-95.59971,33.48039],[-95.60044,33.48358],[-95.60368,33.48472],[-95.60381,33.48263],[-95.611,33.48186],[-95.60942,33.48266],[-95.60971,33.48448],[-95.61623,33.48388],[-95.62103,33.48706],[-95.62368,33.4869],[-95.63632,33.4821],[-95.63754,33.48412],[-95.64296,33.48669],[-95.65252,33.48085],[-95.65695,33.48035],[-95.65704,33.47898],[-95.65972,33.47855],[-95.6588,33.47774],[-95.66101,33.47754],[-95.66031,33.47581],[-95.66474,33.47668],[-95.66959,33.47378],[-95.67101,33.47439],[-95.67163,33.47264],[-95.67477,33.47297],[-95.67542,33.47124],[-95.67775,33.47258],[-95.67824,33.47029],[-95.67929,33.47161],[-95.68146,33.47027],[-95.68187,33.47336],[-95.68539,33.47473],[-95.68364,33.47581],[-95.68512,33.47647],[-95.6848,33.47842],[-95.69048,33.47726],[-95.69011,33.47569],[-95.69275,33.47599],[-95.69303,33.47742],[-95.69724,33.47677],[-95.69753,33.47854],[-95.70227,33.48109],[-95.70083,33.48301],[-95.70472,33.48463],[-95.7044,33.48666],[-95.70779,33.48776],[-95.70926,33.48328],[-95.7198,33.48614],[-95.72714,33.48418],[-95.72866,33.48679],[-95.73098,33.48712],[-95.73247,33.48459],[-95.73364,33.48664],[-95.73757,33.48772],[-95.73793,33.49007],[-95.74082,33.49015],[-95.74378,33.49248],[-95.74505,33.49103],[-95.75139,33.49324],[-95.75559,33.49079],[-95.75768,33.49485],[-95.7602,33.49397],[-95.76108,33.49539],[-95.77165,33.4938],[-95.77214,33.49153],[-95.77651,33.4924],[-95.7779,33.49087],[-95.77896,33.49184],[-95.78092,33.49017],[-95.77989,33.48798],[-95.78212,33.48782],[-95.78163,33.48631],[-95.78822,33.48623],[-95.78988,33.4838],[-95.79432,33.48192],[-95.79391,33.47977],[-95.79526,33.48034],[-95.80312,33.47567],[-95.80782,33.47507],[-95.80981,33.47025],[-95.81358,33.47079],[-95.81375,33.46909],[-95.81536,33.47014],[-95.81735,33.46926],[-95.81636,33.46724],[-95.81959,33.46661],[-95.81979,33.46403],[-95.82357,33.46439],[-95.82646,33.46258],[-95.8242,33.4613],[-95.82612,33.46103],[-95.82673,33.45904],[-95.83315,33.46072],[-95.84394,33.45852],[-95.84394,33.45952],[-95.84698,33.45916],[-95.84626,33.45813],[-95.84895,33.45776],[-95.85182,33.45982],[-95.85359,33.45917],[-95.85345,33.46131],[-95.85774,33.46172],[-95.85872,33.40953],[-96.25188,33.35757],[-96.3845,33.34112],[-96.3846,33.39783],[-96.38647,33.39808],[-96.61012,33.40049],[-96.84117,33.40559],[-96.8411,33.41338],[-96.87593,33.41352],[-97.34357,33.4291],[-97.3831,33.43045],[-97.38302,33.43289],[-97.97897,33.43375],[-97.97892,33.46713],[-98.42142,33.4668],[-98.42067,33.39619],[-98.75034,33.39566],[-99.47244,33.39902],[-99.47126,32.95702],[-99.612,32.95696]]],[[[-100.54016,35.6193],[-100.00039,35.61912],[-100.00038,35.1827],[-100.53898,35.18314],[-100.54016,35.6193]]]]}},{"type":"Feature","properties":{"weather_zone":"SCENT"},"geometry":{"type":"Polygon","coordinates":[[[-97.41734,28.92523],[-97.77853,28.66803],[-97.78468,28.67101],[-97.788,28.67583],[-97.79189,28.67695],[-97.79523,28.6734],[-97.82531,28.67034],[-97.82556,28.67348],[-97.82919,28.67766],[-97.83423,28.67577],[-97.83542,28.68015],[-97.83872,28.67965],[-97.83975,28.68127],[-97.84082,28.68051],[-97.85252,28.68498],[-97.85837,28.68434],[-97.86579,28.68884],[-97.87579,28.69143],[-97.87939,28.69372],[-97.87901,28.69558],[-97.88185,28.69654],[-97.88368,28.69545],[-97.88466,28.69853],[-97.89334,28.69997],[-97.89182,28.7031],[-97.89777,28.70566],[-97.9022,28.71301],[-97.90711,28.7133],[-97.91511,28.71965],[-98.00525,28.69024],[-98.12513,28.81408],[-98.16888,28.86196],[-98.18437,28.87526],[-98.40734,29.11444],[-98.80476,29.25069],[-98.8049,29.09043],[-99.41388,29.09134],[-99.41182,29.62751],[-99.60313,29.62718],[-99.60278,29.90768],[-99.27864,29.90418],[-99.17699,29.89506],[-99.10717,29.86584],[-98.91772,29.7814],[-98.92041,29.95292],[-98.92015,30.13829],[-98.5879,30.13895],[-98.59167,30.49988],[-98.41146,30.50209],[-98.35104,30.4861],[-98.35206,30.55847],[-98.36429,30.57159],[-98.37031,30.57444],[-98.37595,30.57389],[-98.39991,30.5636],[-98.4029,30.56397],[-98.40817,30.56967],[-98.41115,30.57464],[-98.4137,30.58592],[-98.4007,30.59464],[-98.40074,30.59978],[-98.41055,30.61376],[-98.4176,30.62727],[-98.41844,30.63301],[-98.4171,30.63871],[-98.41859,30.64593],[-98.4289,30.65501],[-98.42835,30.66073],[-98.42951,30.66181],[-98.43909,30.66251],[-98.44176,30.66635],[-98.439,30.67328],[-98.43012,30.67514],[-98.42481,30.67418],[-98.41343,30.67591],[-98.40778,30.67502],[-98.40292,30.67736],[-98.40218,30.68079],[-98.40546,30.69023],[-98.414,30.70183],[-98.41396,30.70439],[-98.41045,30.70789],[-98.40771,30.71654],[-98.40415,30.72108],[-98.39265,30.72123],[-98.38552,30.73033],[-98.3719,30.74048],[-98.37163,30.74292],[-98.37524,30.74657],[-98.37956,30.74737],[-98.39141,30.74603],[-98.40016,30.75022],[-98.40685,30.75149],[-98.4145,30.75196],[-98.42405,30.75051],[-98.42663,30.75153],[-98.43029,30.75778],[-98.42923,30.76381],[-98.42289,30.77305],[-98.42271,30.77605],[-98.4321,30.78631],[-98.432,30.79044],[-98.42504,30.79566],[-98.41255,30.79499],[-98.40972,30.79913],[-98.40816,30.80901],[-98.40334,30.81794],[-98.38763,30.81935],[-98.3776,30.82951],[-98.37688,30.83489],[-98.38137,30.8382],[-98.39365,30.84296],[-98.40138,30.844],[-98.40498,30.84382],[-98.40885,30.83656],[-98.41247,30.83511],[-98.42159,30.835],[-98.41935,30.85912],[-98.42074,30.86221],[-98.43156,30.86943],[-98.45079,30.87144],[-98.45738,30.8789],[-98.45644,30.88309],[-98.44875,30.89033],[-98.44917,30.90703],[-98.44578,30.92144],[-98.4402,30.92652],[-98.42921,30.92644],[-98.42233,30.92426],[-98.41961,30.92535],[-98.41714,30.92955],[-98.41451,30.94211],[-98.41603,30.94485],[-98.42469,30.94838],[-98.44588,30.9507],[-98.4528,30.9644],[-98.4522,30.97023],[-98.44323,30.97974],[-98.44187,30.98432],[-98.44618,30.9929],[-98.45855,31.00618],[-98.45924,31.01038],[-98.45695,31.01316],[-98.44233,31.02048],[-98.43953,31.02512],[-98.43971,31.02965],[-97.91169,31.03501],[-97.88658,31.00166],[-97.86289,30.96481],[-97.84036,30.92932],[-97.8281,30.90441],[-97.62405,30.87],[-97.31548,30.75236],[-97.25896,30.88958],[-97.25031,30.89511],[-96.98955,31.0273],[-96.8296,31.11041],[-96.83069,31.10042],[-96.817,31.09061],[-96.80928,31.0803],[-96.82016,31.0684],[-96.82033,31.06095],[-96.8179,31.05916],[-96.81127,31.05826],[-96.80402,31.06018],[-96.79748,31.0641],[-96.79159,31.06508],[-96.78695,31.06103],[-96.78512,31.0491],[-96.78242,31.04784],[-96.76899,31.04947],[-96.76689,31.04717],[-96.76715,31.04283],[-96.77853,31.03563],[-96.77974,31.03338],[-96.77742,31.02839],[-96.77027,31.02672],[-96.77047,31.02276],[-96.77455,31.01824],[-96.77148,31.00277],[-96.76967,31.00001],[-96.76555,30.9997],[-96.75571,31.00538],[-96.74709,31.00095],[-96.74506,30.99477],[-96.74587,30.99291],[-96.74974,30.98925],[-96.757,30.9882],[-96.75956,30.97829],[-96.77102,30.97218],[-96.77236,30.96906],[-96.77117,30.96048],[-96.76916,30.95852],[-96.76502,30.95874],[-96.76062,30.95547],[-96.75648,30.94679],[-96.75549,30.94035],[-96.75754,30.93075],[-96.75633,30.92721],[-96.74373,30.91566],[-96.73698,30.91492],[-96.73064,30.91611],[-96.72949,30.9131],[-96.73436,30.90728],[-96.73441,30.9045],[-96.73322,30.90167],[-96.72621,30.89852],[-96.71607,30.89722],[-96.70558,30.90586],[-96.69666,30.90892],[-96.69189,30.90902],[-96.68487,30.90605],[-96.68324,30.90195],[-96.68419,30.89872],[-96.68702,30.89654],[-96.69722,30.89842],[-96.69571,30.89256],[-96.68412,30.88469],[-96.68225,30.88142],[-96.68398,30.87937],[-96.69348,30.87932],[-96.695,30.87805],[-96.69594,30.87514],[-96.69438,30.86359],[-96.68374,30.8538],[-96.67918,30.84405],[-96.67707,30.84255],[-96.67005,30.84172],[-96.67019,30.83387],[-96.648,30.82516],[-96.64128,30.81805],[-96.63792,30.81118],[-96.63582,30.80053],[-96.63868,30.79462],[-96.64754,30.79038],[-96.64951,30.78472],[-96.64832,30.78097],[-96.64229,30.77689],[-96.6332,30.78304],[-96.62525,30.78077],[-96.62011,30.76859],[-96.61251,30.75866],[-96.61274,30.75313],[-96.61484,30.75016],[-96.61889,30.74828],[-96.62624,30.74969],[-96.63273,30.74104],[-96.61823,30.72864],[-96.60404,30.72931],[-96.59616,30.72664],[-96.59444,30.72122],[-96.59698,30.71745],[-96.59647,30.71564],[-96.57336,30.70482],[-96.5688,30.70139],[-96.56698,30.69567],[-96.56803,30.69162],[-96.573,30.6885],[-96.58152,30.68889],[-96.58417,30.68319],[-96.58369,30.66047],[-96.58617,30.65685],[-96.59431,30.65259],[-96.59662,30.64628],[-96.60183,30.64193],[-96.60105,30.63981],[-96.5912,30.64],[-96.58368,30.63735],[-96.57025,30.63668],[-96.56663,30.62939],[-96.56,30.6319],[-96.55451,30.63226],[-96.5506,30.6308],[-96.54821,30.62788],[-96.529,30.62807],[-96.51834,30.62622],[-96.51098,30.62773],[-96.50807,30.62523],[-96.5068,30.61531],[-96.49994,30.61283],[-96.49582,30.61463],[-96.49246,30.6206],[-96.48956,30.6219],[-96.48632,30.61744],[-96.4895,30.60766],[-96.48763,30.60488],[-96.48505,30.60384],[-96.46953,30.60695],[-96.46143,30.59821],[-96.45215,30.597],[-96.44965,30.59407],[-96.44962,30.58898],[-96.44299,30.58351],[-96.43833,30.57514],[-96.43547,30.57319],[-96.43058,30.57288],[-96.42751,30.57505],[-96.42674,30.5789],[-96.43152,30.58906],[-96.43075,30.59056],[-96.42609,30.59075],[-96.42006,30.58431],[-96.4205,30.5813],[-96.42409,30.57804],[-96.42217,30.57004],[-96.42343,30.55909],[-96.42224,30.55258],[-96.41636,30.54192],[-96.41306,30.53953],[-96.40466,30.54009],[-96.4003,30.53557],[-96.38796,30.53244],[-96.38369,30.53352],[-96.38288,30.53541],[-96.38368,30.53799],[-96.38645,30.53956],[-96.38708,30.54207],[-96.38522,30.54412],[-96.38021,30.54269],[-96.3777,30.5361],[-96.37442,30.53767],[-96.37698,30.54406],[-96.37653,30.54673],[-96.36536,30.54291],[-96.35941,30.5426],[-96.35523,30.52994],[-96.3549,30.52317],[-96.35729,30.51954],[-96.37043,30.51673],[-96.37102,30.51329],[-96.36709,30.51061],[-96.36334,30.51053],[-96.35697,30.51408],[-96.355,30.51278],[-96.35563,30.50641],[-96.35365,30.50268],[-96.3431,30.49866],[-96.32994,30.47788],[-96.3316,30.47454],[-96.33978,30.4754],[-96.34066,30.47372],[-96.33732,30.46935],[-96.32247,30.45875],[-96.32095,30.44957],[-96.31595,30.45084],[-96.31154,30.45556],[-96.30892,30.4552],[-96.30177,30.44785],[-96.29286,30.44428],[-96.2909,30.444],[-96.28485,30.44809],[-96.28645,30.43376],[-96.28256,30.42661],[-96.28799,30.42129],[-96.28591,30.41692],[-96.28111,30.41483],[-96.27728,30.41554],[-96.27355,30.41833],[-96.27182,30.41639],[-96.27232,30.4102],[-96.27692,30.40703],[-96.28936,30.4124],[-96.29749,30.41179],[-96.30025,30.40727],[-96.2976,30.40042],[-96.3025,30.3994],[-96.30693,30.39459],[-96.30521,30.39049],[-96.29494,30.38562],[-96.29407,30.38024],[-96.29917,30.37915],[-96.29964,30.37777],[-96.29058,30.37339],[-96.28765,30.36633],[-96.28575,30.36469],[-96.27944,30.36447],[-96.27658,30.36027],[-96.27246,30.35847],[-96.26868,30.35868],[-96.2623,30.36466],[-96.26292,30.37002],[-96.25722,30.3664],[-96.25175,30.36538],[-96.2432,30.36972],[-96.23509,30.36972],[-96.22155,30.37624],[-96.21804,30.37669],[-96.21217,30.37368],[-96.2096,30.37417],[-96.20651,30.379],[-96.19954,30.38291],[-96.19823,30.39512],[-96.1945,30.39989],[-96.18381,30.39428],[-96.17866,30.39472],[-96.17347,30.38922],[-96.17646,30.37835],[-96.17554,30.37501],[-96.17154,30.37379],[-96.15904,30.37862],[-96.14987,30.36879],[-96.1516,30.36545],[-96.15544,30.36314],[-96.15263,30.35031],[-96.16016,30.34174],[-96.16044,30.33936],[-96.15279,30.32801],[-96.14746,30.32417],[-96.13887,30.32245],[-96.1373,30.32106],[-96.13655,30.31475],[-96.12527,30.31156],[-96.11951,30.30482],[-96.11737,30.3042],[-96.11506,30.306],[-96.09719,30.31111],[-96.0944,30.30937],[-96.09364,30.3052],[-96.10005,30.29669],[-96.09932,30.29026],[-96.09693,30.289],[-96.08769,30.28962],[-96.08438,30.28766],[-96.08509,30.28261],[-96.09174,30.27801],[-96.0938,30.27432],[-96.09551,30.2656],[-96.09925,30.25805],[-96.09874,30.25449],[-96.09487,30.25239],[-96.08944,30.25304],[-96.08458,30.25125],[-96.08084,30.2443],[-96.08174,30.24088],[-96.08333,30.23831],[-96.08767,30.23777],[-96.09442,30.24239],[-96.09857,30.24274],[-96.10314,30.23868],[-96.10538,30.23287],[-96.09557,30.22876],[-96.09316,30.22519],[-96.09312,30.22045],[-96.09671,30.21487],[-96.09894,30.21453],[-96.10941,30.21991],[-96.11478,30.2279],[-96.11716,30.22727],[-96.11802,30.22421],[-96.13011,30.21075],[-96.14019,30.21222],[-96.14508,30.21857],[-96.14743,30.21798],[-96.14988,30.21302],[-96.15901,30.20661],[-96.15909,30.19586],[-96.15709,30.1905],[-96.15978,30.18318],[-96.15923,30.18041],[-96.15456,30.17712],[-96.1552,30.17316],[-96.16091,30.16856],[-96.16201,30.16492],[-96.16003,30.16183],[-96.15341,30.15949],[-96.15013,30.15545],[-96.15253,30.14313],[-96.15596,30.14129],[-96.15885,30.14214],[-96.17629,30.15482],[-96.18066,30.15568],[-96.18321,30.15244],[-96.18188,30.14813],[-96.17458,30.14366],[-96.17176,30.13983],[-96.17592,30.13773],[-96.18613,30.14193],[-96.19178,30.13842],[-96.19142,30.13467],[-96.1789,30.12094],[-96.17981,30.11735],[-96.18742,30.11859],[-96.19124,30.11758],[-96.19171,30.11523],[-96.18865,30.11046],[-96.18355,30.10921],[-96.17505,30.11244],[-96.17146,30.10934],[-96.17466,30.1027],[-96.17282,30.09934],[-96.16994,30.09878],[-96.16428,30.10115],[-96.16027,30.10807],[-96.15398,30.10799],[-96.15256,30.10254],[-96.159,30.09703],[-96.15842,30.09171],[-96.15207,30.08503],[-96.1435,30.08498],[-96.14165,30.0832],[-96.14092,30.07684],[-96.13378,30.07096],[-96.13466,30.06753],[-96.137,30.067],[-96.14629,30.07495],[-96.15125,30.0764],[-96.15,30.07173],[-96.14605,30.07022],[-96.14931,30.06799],[-96.15522,30.06713],[-96.15436,30.06585],[-96.15742,30.06061],[-96.15571,30.05879],[-96.15944,30.05383],[-96.1654,30.05322],[-96.16884,30.05441],[-96.16845,30.05612],[-96.17373,30.05685],[-96.18135,30.0628],[-96.18584,30.06235],[-96.18908,30.06439],[-96.19702,30.0647],[-96.20057,30.06659],[-96.20679,30.06696],[-96.20917,30.06225],[-96.21406,30.06639],[-96.21382,30.06899],[-96.21869,30.07076],[-96.21984,30.07262],[-96.22502,30.07237],[-96.22859,30.07559],[-96.23956,30.07557],[-96.24095,30.07298],[-96.24378,30.07241],[-96.24742,30.07526],[-96.25088,30.07406],[-96.25387,30.07582],[-96.25434,30.07449],[-96.25483,30.07568],[-96.25934,30.07574],[-96.26095,30.07812],[-96.26385,30.07829],[-96.2656,30.08233],[-96.2679,30.08293],[-96.27106,30.09388],[-96.27248,30.09443],[-96.27617,30.09238],[-96.28009,30.09413],[-96.28183,30.09329],[-96.28575,30.09639],[-96.289,30.09683],[-96.51881,30.0652],[-96.5859,30.06467],[-96.59379,30.07104],[-96.62198,30.04428],[-96.5357,29.90733],[-96.48509,29.86733],[-96.47674,29.86865],[-96.46896,29.86146],[-96.46506,29.86081],[-96.46052,29.85467],[-96.44997,29.85642],[-96.44618,29.85428],[-96.4408,29.85361],[-96.43981,29.85056],[-96.43475,29.84794],[-96.43472,29.8419],[-96.42816,29.84093],[-96.42383,29.83666],[-96.42401,29.8349],[-96.4217,29.83397],[-96.42103,29.82927],[-96.41583,29.82809],[-96.41269,29.82466],[-96.41011,29.82549],[-96.40745,29.82393],[-96.40513,29.82554],[-96.39656,29.82258],[-96.39358,29.82411],[-96.39333,29.82174],[-96.38881,29.82146],[-96.37933,29.8253],[-96.37866,29.8236],[-96.36998,29.82367],[-96.36371,29.81886],[-96.36178,29.81998],[-96.35863,29.81891],[-96.35288,29.82438],[-96.3522,29.82734],[-96.34366,29.82993],[-96.34228,29.82463],[-96.33097,29.81466],[-96.33154,29.80415],[-96.33268,29.80284],[-96.33637,29.80317],[-96.33738,29.80127],[-96.33493,29.80116],[-96.33128,29.79769],[-96.32862,29.79863],[-96.32225,29.79263],[-96.31807,29.79123],[-96.31539,29.78728],[-96.31505,29.77953],[-96.31934,29.77634],[-96.31938,29.77429],[-96.31412,29.77119],[-96.31453,29.76594],[-96.31184,29.75636],[-96.29719,29.74972],[-96.29625,29.74383],[-96.29831,29.73721],[-96.29129,29.73495],[-96.28996,29.7321],[-96.29198,29.73001],[-96.29154,29.72806],[-96.2839,29.72771],[-96.28052,29.7262],[-96.27546,29.71887],[-96.27012,29.71658],[-96.27189,29.71076],[-96.27046,29.70583],[-96.27724,29.70142],[-96.27764,29.69972],[-96.2731,29.6967],[-96.27104,29.69],[-96.2663,29.68695],[-96.26187,29.67885],[-96.26263,29.67459],[-96.25976,29.66933],[-96.2567,29.66706],[-96.24677,29.66421],[-96.24005,29.65778],[-96.22468,29.66489],[-96.21332,29.66075],[-96.2089,29.65641],[-96.19945,29.65646],[-96.18998,29.64757],[-96.18782,29.64256],[-96.18081,29.6409],[-96.17542,29.63381],[-96.30767,29.51452],[-96.34862,29.40679],[-96.38534,29.38808],[-96.60426,29.26582],[-96.64032,29.2478],[-96.65847,29.26388],[-96.93859,29.06324],[-96.97638,29.10405],[-97.01842,29.07311],[-97.03319,29.06433],[-97.30592,28.86404],[-97.3117,28.86961],[-97.31263,28.87236],[-97.31082,28.87776],[-97.31238,28.87848],[-97.31748,28.87569],[-97.32498,28.87468],[-97.32628,28.87651],[-97.32444,28.88245],[-97.33998,28.89565],[-97.35009,28.89496],[-97.35306,28.89163],[-97.35536,28.89345],[-97.3554,28.89762],[-97.36327,28.89688],[-97.36621,28.90059],[-97.36827,28.90098],[-97.37223,28.89935],[-97.37346,28.90412],[-97.38414,28.90774],[-97.38242,28.91567],[-97.38458,28.91684],[-97.39713,28.91925],[-97.39924,28.91604],[-97.40172,28.91574],[-97.41137,28.92532],[-97.41734,28.92523]]]}},{"type":"Feature","properties":{"weather_zone":"SOUTH"},"geometry":{"type":"MultiPolygon","coordinates":[[[[-97.43355,26.58964],[-97.42393,26.55553],[-97.42084,26.55436],[-97.41882,26.55521],[-97.41537,26.55276],[-97.41771,26.54895],[-97.42096,26.53554],[-97.41715,26.51906],[-97.40681,26.49949],[-97.40764,26.49152],[-97.41311,26.4812],[-97.40574,26.47875],[-97.38055,26.48056],[-97.34704,26.40778],[-97.33503,26.37999],[-97.33492,26.37606],[-97.3298,26.36807],[-97.32909,26.35912],[-97.32339,26.35242],[-97.297,26.29607],[-97.29023,26.29341],[-97.28619,26.28435],[-97.2812,26.28051],[-97.27989,26.27092],[-97.28619,26.26751],[-97.29653,26.277],[-97.30378,26.28083],[-97.3077,26.28755],[-97.30984,26.28829],[-97.31911,26.27934],[-97.32434,26.27732],[-97.32281,26.27196],[-97.31935,26.27028],[-97.31602,26.27092],[-97.31389,26.27341],[-97.30616,26.27401],[-97.30223,26.27199],[-97.29986,26.26741],[-97.29879,26.26069],[-97.30033,26.25312],[-97.30723,26.23969],[-97.30675,26.23532],[-97.30889,26.22903],[-97.3121,26.22562],[-97.31554,26.22541],[-97.31673,26.22402],[-97.30449,26.20249],[-97.29882,26.20121],[-97.29882,26.20315],[-97.29724,26.20334],[-97.29482,26.19231],[-97.29609,26.18239],[-97.30307,26.17082],[-97.30364,26.16622],[-97.30152,26.16569],[-97.29926,26.15972],[-97.29498,26.15535],[-97.29891,26.14756],[-97.29361,26.13758],[-97.28534,26.12744],[-97.28275,26.11909],[-97.28522,26.11694],[-97.2887,26.11797],[-97.2898,26.12663],[-97.29302,26.13019],[-97.29499,26.13004],[-97.29514,26.1275],[-97.29768,26.12513],[-97.30244,26.12438],[-97.30562,26.12614],[-97.30597,26.12844],[-97.30792,26.12834],[-97.31254,26.12034],[-97.31023,26.11756],[-97.30379,26.11817],[-97.29539,26.11241],[-97.29643,26.108],[-97.29059,26.10478],[-97.2798,26.09206],[-97.26942,26.08608],[-97.24698,26.08035],[-97.20805,26.07959],[-97.19965,26.07704],[-97.19397,26.07148],[-97.18969,26.07158],[-97.19005,26.06987],[-97.1983,26.06668],[-97.19568,26.04656],[-97.16498,26.06388],[-97.15856,26.06091],[-97.15261,26.06409],[-97.14966,26.06414],[-97.1525,26.05269],[-97.15321,26.03891],[-97.14724,25.9564],[-97.14937,25.95336],[-97.15661,25.94902],[-97.15895,25.94912],[-97.16029,25.95024],[-97.15852,25.96188],[-97.16589,25.96028],[-97.17024,25.96125],[-97.17526,25.9655],[-97.17734,25.96496],[-97.1786,25.96146],[-97.18658,25.95878],[-97.18708,25.95558],[-97.19032,25.95386],[-97.19789,25.95793],[-97.20606,25.95865],[-97.20716,25.96365],[-97.20957,25.96357],[-97.22092,25.95727],[-97.22535,25.95909],[-97.22923,25.95875],[-97.23987,25.95497],[-97.2433,25.95332],[-97.24701,25.94823],[-97.27671,25.95215],[-97.28002,25.95429],[-97.28285,25.95923],[-97.28445,25.95916],[-97.28924,25.95544],[-97.28944,25.95377],[-97.28474,25.94949],[-97.27861,25.94753],[-97.28104,25.94346],[-97.27687,25.93821],[-97.27716,25.93544],[-97.29179,25.9363],[-97.29581,25.93344],[-97.30072,25.93722],[-97.30303,25.937],[-97.30437,25.93572],[-97.30481,25.92842],[-97.3074,25.92681],[-97.30974,25.9264],[-97.31518,25.93147],[-97.32056,25.9298],[-97.32491,25.92404],[-97.32465,25.91859],[-97.326,25.91769],[-97.33124,25.91856],[-97.33194,25.92174],[-97.33507,25.91983],[-97.33734,25.92015],[-97.33834,25.92148],[-97.33654,25.92915],[-97.34251,25.92899],[-97.34827,25.93114],[-97.35161,25.9234],[-97.35544,25.91943],[-97.3632,25.91564],[-97.36764,25.91568],[-97.36939,25.91313],[-97.36837,25.9099],[-97.37058,25.90865],[-97.37257,25.90948],[-97.37512,25.9072],[-97.3745,25.90566],[-97.36598,25.90245],[-97.36696,25.89175],[-97.36343,25.88969],[-97.35883,25.88972],[-97.35663,25.88768],[-97.36688,25.885],[-97.37404,25.87976],[-97.37334,25.87848],[-97.3625,25.87775],[-97.35993,25.87987],[-97.35857,25.87813],[-97.35909,25.87204],[-97.35766,25.86918],[-97.36236,25.86846],[-97.36974,25.85804],[-97.37618,25.85573],[-97.3761,25.85421],[-97.36658,25.85356],[-97.3641,25.85003],[-97.37062,25.84982],[-97.37286,25.84012],[-97.38258,25.83979],[-97.38714,25.84385],[-97.38952,25.83935],[-97.39451,25.83738],[-97.399,25.83911],[-97.40362,25.83768],[-97.40699,25.83885],[-97.40654,25.84027],[-97.40213,25.84038],[-97.40041,25.84197],[-97.40062,25.84667],[-97.39905,25.84959],[-97.39964,25.85155],[-97.40225,25.85193],[-97.4064,25.84481],[-97.40825,25.84563],[-97.4104,25.85058],[-97.40824,25.85584],[-97.40842,25.86196],[-97.41151,25.86113],[-97.41379,25.85705],[-97.41467,25.84674],[-97.41266,25.84118],[-97.42489,25.84063],[-97.43535,25.84938],[-97.44297,25.84809],[-97.44585,25.85137],[-97.44445,25.85575],[-97.44635,25.85643],[-97.45266,25.85373],[-97.45366,25.85649],[-97.45073,25.85928],[-97.44841,25.85927],[-97.44764,25.86329],[-97.44474,25.86706],[-97.44864,25.87213],[-97.45426,25.86715],[-97.45702,25.86894],[-97.45473,25.87934],[-97.45572,25.884],[-97.45816,25.88427],[-97.46491,25.88125],[-97.46951,25.87554],[-97.47232,25.8756],[-97.47474,25.87804],[-97.47422,25.88012],[-97.46846,25.88371],[-97.46874,25.88863],[-97.48486,25.8787],[-97.48764,25.87902],[-97.48647,25.88399],[-97.48847,25.88538],[-97.49281,25.88081],[-97.49669,25.87968],[-97.49643,25.8958],[-97.49739,25.89864],[-97.49889,25.89872],[-97.50604,25.89069],[-97.51116,25.88743],[-97.52176,25.88646],[-97.52339,25.88985],[-97.52328,25.89721],[-97.52839,25.90631],[-97.53286,25.90763],[-97.53342,25.90908],[-97.5334,25.91275],[-97.53041,25.91632],[-97.53018,25.91985],[-97.54296,25.92003],[-97.54253,25.92237],[-97.54548,25.92517],[-97.54576,25.93288],[-97.54763,25.93515],[-97.55248,25.93704],[-97.55538,25.93714],[-97.55759,25.93527],[-97.56013,25.92594],[-97.56383,25.92572],[-97.56816,25.92793],[-97.56585,25.93168],[-97.56657,25.93351],[-97.57457,25.93513],[-97.58234,25.93268],[-97.58411,25.93468],[-97.58319,25.93741],[-97.56632,25.94507],[-97.56765,25.95183],[-97.57373,25.95391],[-97.57467,25.95278],[-97.57305,25.9464],[-97.57794,25.94287],[-97.57972,25.9438],[-97.58304,25.95544],[-97.58237,25.96247],[-97.5947,25.96117],[-97.59963,25.95673],[-97.60215,25.95738],[-97.61037,25.96584],[-97.60808,25.97128],[-97.60828,25.97659],[-97.61767,25.97996],[-97.62172,25.98912],[-97.63157,25.98818],[-97.63444,25.99027],[-97.63286,25.99552],[-97.63041,25.99641],[-97.62364,25.99196],[-97.62077,25.99206],[-97.61767,26.00108],[-97.6193,26.00292],[-97.62382,25.9967],[-97.62703,25.99691],[-97.62831,25.99763],[-97.62649,26.00557],[-97.62965,26.00568],[-97.6348,25.99951],[-97.63963,26.00416],[-97.64772,26.00849],[-97.64956,26.01132],[-97.64818,26.01267],[-97.64122,26.01183],[-97.63844,26.01313],[-97.6368,26.01758],[-97.63904,26.02297],[-97.64522,26.02776],[-97.65024,26.0238],[-97.65094,26.01639],[-97.65277,26.0163],[-97.65747,26.01979],[-97.66827,26.01976],[-97.6677,26.02373],[-97.66092,26.03074],[-97.66052,26.03371],[-97.66273,26.03808],[-97.66472,26.03137],[-97.66798,26.02887],[-97.67123,26.03401],[-97.67455,26.03303],[-97.67604,26.03097],[-97.67342,26.0279],[-97.67494,26.02616],[-97.68605,26.02699],[-97.69226,26.03234],[-97.69389,26.0313],[-97.69355,26.02679],[-97.69024,26.02255],[-97.69137,26.01899],[-97.69707,26.02346],[-97.69713,26.03039],[-97.70252,26.03121],[-97.70655,26.0375],[-97.70884,26.03603],[-97.70966,26.02619],[-97.72134,26.02346],[-97.71839,26.0296],[-97.71992,26.03084],[-97.7349,26.03202],[-97.73313,26.0274],[-97.72627,26.02731],[-97.72538,26.02443],[-97.72647,26.02266],[-97.7317,26.02331],[-97.73822,26.02198],[-97.73614,26.02712],[-97.7424,26.02981],[-97.74798,26.02625],[-97.74972,26.03112],[-97.75164,26.03148],[-97.75852,26.02656],[-97.76104,26.0257],[-97.76381,26.02733],[-97.76312,26.04245],[-97.76898,26.0475],[-97.77683,26.04397],[-97.77646,26.04074],[-97.76941,26.03562],[-97.77572,26.03217],[-97.77619,26.03006],[-97.77775,26.02939],[-97.78307,26.03404],[-97.79233,26.03417],[-97.79764,26.04021],[-97.79722,26.0437],[-97.79441,26.04745],[-97.78976,26.04742],[-97.78903,26.04974],[-97.79216,26.05289],[-97.79915,26.05332],[-97.80132,26.06016],[-97.8082,26.0579],[-97.81097,26.05551],[-97.81238,26.04841],[-97.81126,26.0454],[-97.81288,26.04432],[-97.81611,26.04517],[-97.81483,26.05245],[-97.81722,26.05611],[-97.82594,26.05588],[-97.83278,26.04616],[-97.83466,26.04601],[-97.8374,26.05241],[-97.84232,26.05358],[-97.84959,26.05211],[-97.8605,26.05292],[-97.86217,26.06111],[-97.85901,26.06654],[-97.86127,26.06993],[-97.86332,26.06918],[-97.86861,26.05716],[-97.87074,26.0576],[-97.87694,26.06458],[-97.88741,26.06675],[-97.88839,26.06243],[-97.89132,26.0605],[-97.8999,26.06122],[-97.90986,26.05686],[-97.92139,26.05777],[-97.92523,26.05569],[-97.92798,26.05591],[-97.9314,26.06342],[-97.93392,26.06483],[-97.93697,26.06193],[-97.9318,26.05594],[-97.93542,26.05269],[-97.94434,26.05962],[-97.9501,26.06183],[-97.957,26.05996],[-97.96736,26.05172],[-97.97877,26.05971],[-97.97987,26.066],[-97.98134,26.06718],[-97.98689,26.06583],[-97.99149,26.05859],[-97.99869,26.06472],[-98.00352,26.06445],[-98.01183,26.05602],[-98.01303,26.0564],[-98.01101,26.06092],[-98.01193,26.06586],[-98.01423,26.06602],[-98.01668,26.06066],[-98.02038,26.05876],[-98.02636,26.06654],[-98.02876,26.06647],[-98.0331,26.06104],[-98.0344,26.05137],[-98.03924,26.04127],[-98.04703,26.04438],[-98.06187,26.04646],[-98.07324,26.03648],[-98.07662,26.03642],[-98.08,26.04196],[-98.07366,26.04314],[-98.07086,26.04595],[-98.07002,26.05147],[-98.07126,26.05543],[-98.07507,26.05987],[-98.07654,26.06804],[-98.0805,26.07093],[-98.08476,26.07081],[-98.08585,26.06921],[-98.08157,26.06611],[-98.08188,26.06372],[-98.09443,26.05863],[-98.1055,26.06754],[-98.12833,26.06193],[-98.13078,26.06369],[-98.13101,26.06684],[-98.12837,26.0724],[-98.13149,26.0742],[-98.13522,26.07215],[-98.13698,26.0617],[-98.14112,26.05439],[-98.14479,26.04961],[-98.1474,26.04948],[-98.15173,26.05819],[-98.15926,26.05374],[-98.16188,26.05454],[-98.16249,26.0561],[-98.15833,26.06058],[-98.15842,26.0627],[-98.16073,26.06423],[-98.16655,26.06236],[-98.16883,26.06299],[-98.1716,26.07018],[-98.17753,26.07502],[-98.1802,26.07169],[-98.17983,26.06496],[-98.17654,26.06162],[-98.17941,26.06001],[-98.18432,26.06392],[-98.18906,26.06326],[-98.1923,26.05345],[-98.19399,26.05332],[-98.19945,26.05686],[-98.20496,26.06642],[-98.21358,26.06975],[-98.21683,26.07444],[-98.22067,26.07647],[-98.2301,26.07715],[-98.24874,26.07204],[-98.25096,26.07409],[-98.25193,26.07922],[-98.26317,26.08449],[-98.26842,26.09317],[-98.27722,26.0988],[-98.28648,26.10229],[-98.28854,26.10531],[-98.28692,26.10673],[-98.27003,26.10709],[-98.2718,26.11138],[-98.27119,26.11421],[-98.26639,26.1167],[-98.26626,26.12072],[-98.26854,26.12061],[-98.27465,26.11594],[-98.2921,26.12065],[-98.2962,26.12032],[-98.299,26.11842],[-98.3028,26.10994],[-98.30234,26.10768],[-98.29786,26.10378],[-98.3028,26.10235],[-98.30652,26.10429],[-98.3106,26.11499],[-98.32027,26.11786],[-98.3352,26.13762],[-98.3342,26.14131],[-98.32741,26.14213],[-98.32706,26.14381],[-98.33476,26.14596],[-98.33842,26.15134],[-98.33332,26.1588],[-98.33472,26.16556],[-98.34257,26.16716],[-98.34578,26.16602],[-98.34852,26.16085],[-98.34925,26.15259],[-98.35234,26.15112],[-98.3567,26.1563],[-98.35845,26.16102],[-98.35748,26.16765],[-98.35984,26.17228],[-98.36216,26.17224],[-98.3666,26.16878],[-98.3647,26.16089],[-98.36724,26.15768],[-98.38392,26.1566],[-98.38721,26.15832],[-98.39204,26.16658],[-98.40274,26.17326],[-98.40225,26.17952],[-98.40443,26.18256],[-98.41812,26.18465],[-98.4295,26.19409],[-98.44254,26.19915],[-98.4445,26.20374],[-98.4392,26.21092],[-98.43882,26.21422],[-98.44025,26.21944],[-98.44341,26.22365],[-98.44666,26.22439],[-98.4493,26.22331],[-98.45434,26.21709],[-98.45637,26.21842],[-98.4584,26.22532],[-98.46069,26.22606],[-98.47036,26.2207],[-98.48158,26.21938],[-98.48292,26.21387],[-98.47905,26.20937],[-98.47796,26.20365],[-98.48036,26.20131],[-98.48274,26.20164],[-98.48202,26.20859],[-98.48375,26.21163],[-98.48699,26.21292],[-98.49513,26.21213],[-98.50407,26.2088],[-98.50733,26.21017],[-98.50155,26.22308],[-98.51485,26.22722],[-98.52192,26.22157],[-98.52479,26.22188],[-98.52662,26.22622],[-98.52179,26.23253],[-98.52181,26.23564],[-98.52446,26.23557],[-98.5295,26.22773],[-98.53558,26.226],[-98.54533,26.24454],[-98.55541,26.24749],[-98.55882,26.24593],[-98.5582,26.24398],[-98.55234,26.24119],[-98.54757,26.24137],[-98.546,26.23689],[-98.54734,26.23465],[-98.55759,26.23104],[-98.55918,26.22627],[-98.56341,26.22534],[-98.56495,26.22691],[-98.56498,26.23862],[-98.56764,26.24157],[-98.57411,26.23859],[-98.57664,26.23383],[-98.57997,26.23499],[-98.58512,26.24372],[-98.57996,26.24943],[-98.58011,26.25365],[-98.58292,26.25647],[-98.58754,26.25782],[-98.60005,26.25727],[-98.61291,26.25273],[-98.6148,26.24773],[-98.61727,26.24681],[-98.62165,26.25877],[-98.62476,26.25922],[-98.63244,26.25168],[-98.63418,26.24261],[-98.6444,26.24123],[-98.65422,26.23596],[-98.6694,26.23632],[-98.67521,26.23999],[-98.67904,26.24555],[-98.67952,26.25068],[-98.67777,26.25557],[-98.68117,26.26271],[-98.68716,26.26512],[-98.69886,26.26562],[-98.71094,26.26869],[-98.71988,26.27271],[-98.71951,26.27624],[-98.71779,26.27762],[-98.71216,26.27898],[-98.70323,26.27717],[-98.70116,26.27802],[-98.69994,26.28001],[-98.7018,26.28616],[-98.70935,26.28919],[-98.7148,26.28608],[-98.71822,26.28725],[-98.72185,26.29479],[-98.72776,26.29877],[-98.73367,26.29869],[-98.74151,26.29412],[-98.7502,26.29569],[-98.75612,26.30425],[-98.75422,26.30793],[-98.75035,26.30766],[-98.74432,26.30342],[-98.74042,26.30278],[-98.73769,26.30442],[-98.73622,26.30765],[-98.7383,26.31383],[-98.74348,26.3149],[-98.74822,26.32058],[-98.74947,26.32999],[-98.75102,26.33183],[-98.75661,26.33098],[-98.76401,26.32647],[-98.77194,26.32511],[-98.77991,26.32654],[-98.78982,26.33158],[-98.78809,26.33733],[-98.79625,26.3491],[-98.79821,26.36017],[-98.80735,26.36942],[-98.81293,26.36631],[-98.81507,26.36648],[-98.82045,26.371],[-98.82457,26.37071],[-98.83291,26.36334],[-98.84156,26.35894],[-98.84682,26.3595],[-98.85342,26.36502],[-98.86135,26.36599],[-98.89673,26.35333],[-98.90049,26.35853],[-98.8997,26.36582],[-98.90112,26.37091],[-98.91106,26.37177],[-98.91569,26.37343],[-98.91934,26.3767],[-98.92386,26.38294],[-98.9238,26.39209],[-98.92686,26.39447],[-98.93451,26.38774],[-98.93584,26.3843],[-98.93431,26.37746],[-98.93616,26.37153],[-98.93867,26.36974],[-98.94215,26.36969],[-98.94669,26.37],[-98.95613,26.37756],[-98.95332,26.38475],[-98.95304,26.39172],[-98.95639,26.39571],[-98.97523,26.40114],[-98.97915,26.39992],[-98.98859,26.39181],[-99.00085,26.39242],[-99.00367,26.3937],[-99.01165,26.3925],[-99.02194,26.4079],[-99.03172,26.41296],[-99.03719,26.41382],[-99.04124,26.41227],[-99.05318,26.40201],[-99.06209,26.39737],[-99.082,26.39651],[-99.08513,26.39878],[-99.08941,26.4081],[-99.09478,26.41095],[-99.10606,26.42345],[-99.11086,26.42628],[-99.11355,26.43253],[-99.11316,26.43518],[-99.1067,26.43797],[-99.10254,26.44244],[-99.10036,26.45875],[-99.09198,26.47238],[-99.09164,26.47698],[-99.09548,26.48168],[-99.10503,26.50033],[-99.12778,26.5252],[-99.14366,26.5279],[-99.16674,26.53608],[-99.1707,26.54032],[-99.1714,26.54985],[-99.16741,26.56],[-99.17806,26.62055],[-99.20052,26.65644],[-99.20995,26.69394],[-99.20891,26.72476],[-99.24002,26.74585],[-99.24244,26.78826],[-99.26221,26.81567],[-99.26861,26.84321],[-99.28047,26.85805],[-99.29515,26.86544],[-99.31052,26.86474],[-99.31675,26.86583],[-99.3289,26.87976],[-99.32182,26.90685],[-99.32468,26.91597],[-99.3373,26.92276],[-99.35165,26.92514],[-99.36114,26.92892],[-99.36705,26.92903],[-99.37915,26.93449],[-99.38825,26.94422],[-99.39375,26.96073],[-99.39311,26.96403],[-99.37731,26.97382],[-99.37659,26.97772],[-99.37844,26.98003],[-99.38737,26.9824],[-99.40369,26.99736],[-99.40851,27.00952],[-99.41548,27.01724],[-99.42045,27.01657],[-99.42938,27.01083],[-99.43216,27.0107],[-99.44288,27.01817],[-99.44609,27.02334],[-99.44397,27.03646],[-99.45232,27.06267],[-99.45028,27.0677],[-99.43447,27.07852],[-99.42921,27.09098],[-99.43028,27.09487],[-99.43765,27.10044],[-99.44212,27.10684],[-99.44111,27.11004],[-99.43337,27.11922],[-99.43058,27.12661],[-99.43136,27.13758],[-99.43826,27.14479],[-99.43997,27.15107],[-99.43795,27.15412],[-99.42998,27.15915],[-99.42635,27.17626],[-99.4331,27.20382],[-99.43328,27.21129],[-99.44193,27.21799],[-99.44524,27.22334],[-99.44141,27.23676],[-99.44155,27.24992],[-99.45239,27.26405],[-99.46331,27.26844],[-99.48069,27.25999],[-99.48474,27.25937],[-99.48791,27.26072],[-99.49241,27.26412],[-99.49662,27.27171],[-99.48751,27.29024],[-99.48794,27.29494],[-99.4946,27.30354],[-99.50204,27.30612],[-99.51153,27.30408],[-99.52366,27.30414],[-99.52965,27.30605],[-99.53644,27.31254],[-99.53777,27.31607],[-99.53781,27.31759],[-99.53138,27.32381],[-99.52126,27.32478],[-99.50484,27.33829],[-99.50783,27.34864],[-99.50778,27.35425],[-99.49908,27.37314],[-99.49214,27.38052],[-99.4926,27.3923],[-99.48938,27.39956],[-99.48752,27.4124],[-99.4957,27.43888],[-99.4951,27.45152],[-99.48572,27.46358],[-99.48228,27.47631],[-99.47925,27.47864],[-99.48145,27.48867],[-99.48581,27.49319],[-99.49683,27.50011],[-99.51332,27.4995],[-99.51932,27.4969],[-99.52664,27.49703],[-99.52832,27.4989],[-99.52532,27.51039],[-99.52192,27.54409],[-99.51882,27.55319],[-99.51402,27.55684],[-99.51112,27.56449],[-99.51222,27.56809],[-99.51598,27.57213],[-99.53014,27.58021],[-99.5362,27.59168],[-99.53972,27.60328],[-99.55495,27.61445],[-99.55681,27.61434],[-99.55866,27.60891],[-99.56123,27.60757],[-99.58001,27.60225],[-99.58484,27.6039],[-99.58443,27.60621],[-99.57976,27.60803],[-99.5774,27.6109],[-99.57696,27.61723],[-99.59235,27.62861],[-99.59404,27.63857],[-99.59623,27.63986],[-99.60353,27.64199],[-99.6156,27.63775],[-99.61758,27.63836],[-99.62111,27.64331],[-99.62431,27.644],[-99.62706,27.64078],[-99.62712,27.63841],[-99.62325,27.63464],[-99.62532,27.63114],[-99.63893,27.62676],[-99.65052,27.63049],[-99.65432,27.62962],[-99.65885,27.63114],[-99.66595,27.63597],[-99.66542,27.64027],[-99.6595,27.64525],[-99.6583,27.65016],[-99.66184,27.65575],[-99.66894,27.65997],[-99.67895,27.65898],[-99.68651,27.66145],[-99.68947,27.66499],[-99.6894,27.66856],[-99.69125,27.66873],[-99.69657,27.66314],[-99.69936,27.65542],[-99.7046,27.65495],[-99.71151,27.65837],[-99.72152,27.66615],[-99.72363,27.66953],[-99.72372,27.67333],[-99.73245,27.68543],[-99.75754,27.71185],[-99.76175,27.72259],[-99.77074,27.73213],[-99.7749,27.73354],[-99.78537,27.73035],[-99.78884,27.73072],[-99.79634,27.73559],[-99.80165,27.74177],[-99.80567,27.75869],[-99.81309,27.77395],[-99.81909,27.77602],[-99.82219,27.76686],[-99.82579,27.76437],[-99.83513,27.76288],[-99.83879,27.76418],[-99.84302,27.76889],[-99.84474,27.77881],[-99.85088,27.79397],[-99.87007,27.79463],[-99.87655,27.79736],[-99.87798,27.80072],[-99.87378,27.81301],[-99.87784,27.82438],[-99.876,27.83797],[-99.8772,27.84218],[-99.88202,27.85039],[-99.89365,27.85619],[-99.90149,27.86416],[-99.90438,27.87528],[-99.904,27.87975],[-99.89409,27.89295],[-99.89346,27.89921],[-99.89688,27.90768],[-99.90008,27.91214],[-99.91746,27.91797],[-99.92623,27.92732],[-99.92416,27.93113],[-99.92648,27.93557],[-99.93287,27.93727],[-99.93714,27.94054],[-99.93854,27.95406],[-99.93216,27.96771],[-99.93181,27.98097],[-99.96277,27.98354],[-99.97707,27.9894],[-99.98492,27.99073],[-99.99145,27.99456],[-100.00863,28.02396],[-100.01284,28.0372],[-100.01791,28.06479],[-100.02872,28.07312],[-100.04611,28.07907],[-100.05312,28.08473],[-100.05698,28.09421],[-100.0556,28.10114],[-100.05649,28.10419],[-100.06765,28.1136],[-100.07547,28.12488],[-100.08339,28.14403],[-100.09029,28.14831],[-100.11963,28.15559],[-100.1411,28.16815],[-100.16059,28.16816],[-100.16844,28.17154],[-100.17441,28.17945],[-100.18569,28.18578],[-100.1965,28.19022],[-100.20806,28.19038],[-100.2121,28.19651],[-100.21345,28.21042],[-100.21756,28.22693],[-100.22028,28.23221],[-100.22363,28.23522],[-100.22758,28.23586],[-100.2462,28.23409],[-100.25163,28.23618],[-100.2676,28.25027],[-100.28298,28.27044],[-100.2914,28.2754],[-100.29429,28.281],[-100.2943,28.28438],[-100.28755,28.30109],[-100.28647,28.3123],[-100.28864,28.31698],[-100.30937,28.33855],[-100.31068,28.34347],[-100.3142,28.34586],[-100.31725,28.35738],[-100.32039,28.36212],[-100.34187,28.38495],[-100.3444,28.38966],[-100.34959,28.4026],[-100.34394,28.41012],[-100.33706,28.42715],[-100.3378,28.44296],[-100.34153,28.44957],[-100.35079,28.45925],[-100.3575,28.46364],[-100.36829,28.4772],[-100.36598,28.48112],[-100.35224,28.48264],[-100.34418,28.48625],[-100.33714,28.49173],[-100.33381,28.49925],[-100.34443,28.50335],[-100.35604,28.50487],[-100.36215,28.5084],[-100.37908,28.51164],[-100.38886,28.51575],[-100.39499,28.52836],[-100.40506,28.53578],[-100.41141,28.5519],[-100.40854,28.55761],[-100.40492,28.5607],[-100.39727,28.57564],[-100.3968,28.5804],[-100.39838,28.58488],[-100.4004,28.58689],[-100.42986,28.59644],[-100.43189,28.59753],[-100.43362,28.60612],[-100.44498,28.60781],[-100.44732,28.60933],[-100.44865,28.61677],[-100.44553,28.63714],[-100.44709,28.6422],[-100.45031,28.64302],[-100.46287,28.64136],[-100.47449,28.64707],[-100.47964,28.65523],[-100.49586,28.65857],[-100.50035,28.66196],[-100.51006,28.69072],[-100.512,28.70535],[-100.5067,28.71675],[-100.50761,28.7406],[-100.51533,28.74337],[-100.5144,28.75025],[-100.51923,28.75616],[-100.52157,28.75764],[-100.52941,28.75642],[-100.53219,28.75716],[-100.53341,28.75921],[-100.53,28.76871],[-100.53178,28.77357],[-100.53644,28.77762],[-100.53777,28.78078],[-100.53243,28.79106],[-100.53583,28.80589],[-100.54217,28.80847],[-100.54548,28.81264],[-100.54732,28.82582],[-100.55313,28.82825],[-100.56144,28.82917],[-100.57051,28.82632],[-100.5747,28.82879],[-100.57685,28.83617],[-100.57299,28.84846],[-100.5805,28.85601],[-100.59104,28.86305],[-100.59053,28.87238],[-100.59755,28.87381],[-100.59868,28.87525],[-100.5985,28.87909],[-100.59612,28.88158],[-100.59031,28.88387],[-100.58949,28.8858],[-100.59288,28.88936],[-100.59987,28.88647],[-100.60384,28.88839],[-100.60077,28.90076],[-100.60744,28.90233],[-100.61356,28.90148],[-100.61822,28.90852],[-100.62348,28.9096],[-100.62721,28.90373],[-100.63161,28.90284],[-100.63626,28.91103],[-100.64057,28.91421],[-100.63917,28.91629],[-100.63237,28.91635],[-100.62999,28.91828],[-100.62971,28.92115],[-100.63072,28.92401],[-100.63886,28.92762],[-100.64436,28.93827],[-100.65151,28.94343],[-100.64699,28.95708],[-100.65032,28.96199],[-100.64664,28.96693],[-100.64865,28.97742],[-100.64828,28.98287],[-100.64589,28.98642],[-100.65095,29.00825],[-100.65376,29.01536],[-100.65611,29.01722],[-100.66021,29.0315],[-100.66321,29.04804],[-100.66402,29.07416],[-100.66752,29.08429],[-100.25035,29.08522],[-99.41388,29.09134],[-98.8049,29.09043],[-98.80476,29.25069],[-98.40734,29.11444],[-98.18437,28.87526],[-98.16888,28.86196],[-98.12513,28.81408],[-98.00525,28.69024],[-97.91511,28.71965],[-97.90711,28.7133],[-97.9022,28.71301],[-97.89777,28.70566],[-97.89182,28.7031],[-97.89334,28.69997],[-97.88466,28.69853],[-97.88368,28.69545],[-97.88185,28.69654],[-97.87901,28.69558],[-97.87939,28.69372],[-97.87579,28.69143],[-97.86579,28.68884],[-97.85837,28.68434],[-97.85252,28.68498],[-97.84082,28.68051],[-97.83975,28.68127],[-97.83872,28.67965],[-97.83542,28.68015],[-97.83423,28.67577],[-97.82919,28.67766],[-97.82556,28.67348],[-97.82531,28.67034],[-97.79523,28.6734],[-97.79189,28.67695],[-97.788,28.67583],[-97.78468,28.67101],[-97.77853,28.66803],[-97.41734,28.92523],[-97.41137,28.92532],[-97.40172,28.91574],[-97.39924,28.91604],[-97.39713,28.91925],[-97.38458,28.91684],[-97.38242,28.91567],[-97.38414,28.90774],[-97.37346,28.90412],[-97.37223,28.89935],[-97.36827,28.90098],[-97.36621,28.90059],[-97.36327,28.89688],[-97.3554,28.89762],[-97.35536,28.89345],[-97.35306,28.89163],[-97.35009,28.89496],[-97.33998,28.89565],[-97.32444,28.88245],[-97.32628,28.87651],[-97.32498,28.87468],[-97.31748,28.87569],[-97.31238,28.87848],[-97.31082,28.87776],[-97.31263,28.87236],[-97.3117,28.86961],[-97.30592,28.86404],[-97.29775,28.86086],[-97.2997,28.85676],[-97.2977,28.85364],[-97.30488,28.85073],[-97.3034,28.84537],[-97.30051,28.84411],[-97.29319,28.84741],[-97.28682,28.84511],[-97.28422,28.84699],[-97.26706,28.84869],[-97.26026,28.84719],[-97.25529,28.84923],[-97.25516,28.85572],[-97.25229,28.85789],[-97.23923,28.85382],[-97.23499,28.85412],[-97.23314,28.85802],[-97.23728,28.86345],[-97.23342,28.86537],[-97.21658,28.86064],[-97.20964,28.85523],[-97.20351,28.85445],[-97.19543,28.83902],[-97.18968,28.83696],[-97.18666,28.83408],[-97.19054,28.81334],[-97.18665,28.80982],[-97.17632,28.79073],[-97.16992,28.78561],[-97.16164,28.78354],[-97.15893,28.77616],[-97.16175,28.77339],[-97.16411,28.76475],[-97.16786,28.75888],[-97.16621,28.75219],[-97.16784,28.74792],[-97.17825,28.73886],[-97.17797,28.73694],[-97.1707,28.73687],[-97.16773,28.72785],[-97.18236,28.6106],[-97.17962,28.60381],[-97.17535,28.59916],[-97.17507,28.59378],[-97.17156,28.59364],[-97.16971,28.58953],[-97.16198,28.58506],[-97.16507,28.58391],[-97.17124,28.58671],[-97.17128,28.58522],[-97.16786,28.58371],[-97.16594,28.58076],[-97.17037,28.57975],[-97.16996,28.57719],[-97.16451,28.57735],[-97.16268,28.57162],[-97.16084,28.57145],[-97.15861,28.57447],[-97.1571,28.57154],[-97.15397,28.57017],[-97.15464,28.5674],[-97.15873,28.56766],[-97.1578,28.5656],[-97.15903,28.56421],[-97.16061,28.56532],[-97.16421,28.56479],[-97.1602,28.56263],[-97.16431,28.56099],[-97.16442,28.55949],[-97.16164,28.5584],[-97.16311,28.55663],[-97.16017,28.5502],[-97.15757,28.55151],[-97.15565,28.54786],[-97.14933,28.55328],[-97.14863,28.54956],[-97.15177,28.54964],[-97.14782,28.54637],[-97.14609,28.54983],[-97.1431,28.54836],[-97.13946,28.55417],[-97.13503,28.54945],[-97.13223,28.55131],[-97.1308,28.55028],[-97.13127,28.54814],[-97.12758,28.5454],[-97.12646,28.54867],[-97.12522,28.54853],[-97.12505,28.54531],[-97.12337,28.54525],[-97.12285,28.54921],[-97.12018,28.54832],[-97.11974,28.5463],[-97.11839,28.54856],[-97.11516,28.54894],[-97.11022,28.5537],[-97.10388,28.55459],[-97.10411,28.55123],[-97.09891,28.54987],[-97.10291,28.54832],[-97.10136,28.54697],[-97.09689,28.54793],[-97.09839,28.54483],[-97.09733,28.54367],[-97.09408,28.54432],[-97.0961,28.5427],[-97.09492,28.53843],[-97.09203,28.53832],[-97.0911,28.5399],[-97.09084,28.53458],[-97.08904,28.53366],[-97.08827,28.53684],[-97.08648,28.53572],[-97.08609,28.53256],[-97.0837,28.53487],[-97.08152,28.53265],[-97.08024,28.53549],[-97.07941,28.53366],[-97.07772,28.53361],[-97.07713,28.53776],[-97.07961,28.53687],[-97.08269,28.54279],[-97.07967,28.54547],[-97.07592,28.54364],[-97.07779,28.54215],[-97.07742,28.54028],[-97.07468,28.54094],[-97.07389,28.54263],[-97.0756,28.54446],[-97.07201,28.5471],[-97.06988,28.54404],[-97.0719,28.54283],[-97.06809,28.54436],[-97.06485,28.5425],[-97.06186,28.54384],[-97.06354,28.54137],[-97.06193,28.54086],[-97.05888,28.54263],[-97.06012,28.54349],[-97.05917,28.54518],[-97.0627,28.5474],[-97.0573,28.54736],[-97.05587,28.55018],[-97.05258,28.54895],[-97.05235,28.54613],[-97.05078,28.54569],[-97.04942,28.54969],[-97.04476,28.54983],[-97.04776,28.5479],[-97.04777,28.54611],[-97.04494,28.54443],[-97.04435,28.54175],[-97.04589,28.54174],[-97.04656,28.53983],[-97.04796,28.5404],[-97.04726,28.5372],[-97.05138,28.53703],[-97.05147,28.53512],[-97.04606,28.53543],[-97.04467,28.53184],[-97.04284,28.53158],[-97.03986,28.53207],[-97.03518,28.538],[-97.03164,28.53937],[-97.03124,28.54159],[-97.02481,28.53907],[-97.02324,28.53679],[-97.02704,28.5365],[-97.02713,28.53241],[-97.02263,28.52533],[-97.02418,28.52407],[-97.02149,28.51674],[-97.0202,28.52015],[-97.01538,28.51715],[-97.01279,28.51732],[-97.00464,28.50891],[-96.99461,28.50871],[-96.99547,28.50725],[-96.99275,28.50307],[-96.98555,28.49995],[-96.98215,28.49964],[-96.97939,28.50292],[-96.96909,28.50521],[-96.96418,28.50449],[-96.96278,28.50288],[-96.95595,28.50452],[-96.95316,28.50379],[-96.95056,28.50098],[-96.94708,28.50115],[-96.9353,28.497],[-96.92514,28.48835],[-96.92162,28.48838],[-96.9155,28.48571],[-96.91221,28.48928],[-96.91061,28.48862],[-96.90993,28.49051],[-96.91153,28.49416],[-96.91612,28.4972],[-96.91596,28.49869],[-96.90658,28.50588],[-96.90369,28.50631],[-96.90181,28.5082],[-96.90283,28.50902],[-96.89701,28.50892],[-96.89164,28.50583],[-96.89095,28.50718],[-96.88303,28.5055],[-96.88066,28.50387],[-96.88051,28.49763],[-96.87918,28.4961],[-96.86482,28.49024],[-96.86208,28.47676],[-96.85796,28.47453],[-96.85391,28.47435],[-96.84865,28.4764],[-96.84874,28.47272],[-96.84308,28.47019],[-96.84029,28.46523],[-96.83914,28.45759],[-96.83445,28.45455],[-96.82999,28.44838],[-96.82348,28.44558],[-96.81574,28.43186],[-96.81349,28.43026],[-96.80913,28.43085],[-96.79894,28.43913],[-96.79772,28.44205],[-96.78923,28.44718],[-96.78573,28.44742],[-96.77073,28.42861],[-96.76633,28.42746],[-96.76464,28.4255],[-96.76706,28.4203],[-96.76479,28.41283],[-96.77869,28.40446],[-96.78095,28.40112],[-96.78677,28.40216],[-96.8027,28.41335],[-96.80686,28.41816],[-96.81248,28.42033],[-96.81874,28.42652],[-96.8248,28.42924],[-96.82932,28.4284],[-96.83811,28.43279],[-96.8475,28.42934],[-96.85118,28.42589],[-96.85035,28.42432],[-96.85392,28.42317],[-96.85914,28.41586],[-96.85784,28.40865],[-96.84631,28.40007],[-96.84013,28.39234],[-96.83755,28.39159],[-96.83787,28.38962],[-96.82599,28.37885],[-96.82409,28.37906],[-96.82147,28.37592],[-96.80626,28.36756],[-96.79913,28.36484],[-96.7945,28.36463],[-96.79152,28.35752],[-96.79497,28.3481],[-96.79271,28.3458],[-96.79473,28.34298],[-96.79305,28.34035],[-96.7901,28.32269],[-96.79176,28.31217],[-96.80923,28.29339],[-96.80957,28.29029],[-96.80601,28.28214],[-96.79872,28.27595],[-96.80935,28.22059],[-96.81268,28.21771],[-96.81171,28.21351],[-96.81672,28.20881],[-96.82052,28.20996],[-96.82397,28.20724],[-96.82551,28.2042],[-96.82397,28.20148],[-96.82482,28.19888],[-96.8455,28.17981],[-96.84384,28.17688],[-96.84467,28.17521],[-96.85608,28.17248],[-96.86285,28.17248],[-96.86951,28.16881],[-96.87288,28.16401],[-96.88698,28.15488],[-96.88817,28.15226],[-96.88686,28.14996],[-96.88187,28.14996],[-96.88365,28.14776],[-96.89292,28.14723],[-96.89993,28.14356],[-96.90564,28.13392],[-96.90504,28.13004],[-96.91182,28.12606],[-96.91305,28.12045],[-96.92608,28.11432],[-96.91051,28.13466],[-96.91205,28.1356],[-96.91692,28.13267],[-96.91918,28.1334],[-96.91883,28.13497],[-96.91431,28.13759],[-96.90789,28.14419],[-96.90718,28.14692],[-96.91034,28.14728],[-96.92846,28.12892],[-96.93155,28.12389],[-96.95045,28.12243],[-96.9631,28.12406],[-96.96738,28.12325],[-96.96762,28.12534],[-96.95903,28.12618],[-96.95853,28.13123],[-96.96475,28.13067],[-96.96464,28.13184],[-96.9608,28.13472],[-96.95366,28.13626],[-96.9495,28.14496],[-96.94486,28.14904],[-96.947,28.15674],[-96.94296,28.16371],[-96.94142,28.17105],[-96.93464,28.17398],[-96.92668,28.18959],[-96.92359,28.19933],[-96.92891,28.20153],[-96.92882,28.20697],[-96.93096,28.21054],[-96.94035,28.21451],[-96.94249,28.21766],[-96.94035,28.22341],[-96.93464,28.22949],[-96.93417,28.2343],[-96.92823,28.23483],[-96.92716,28.23629],[-96.92656,28.24268],[-96.91991,28.25001],[-96.91979,28.25294],[-96.92157,28.25514],[-96.91682,28.25692],[-96.91242,28.26393],[-96.9142,28.26958],[-96.91801,28.26937],[-96.91979,28.26686],[-96.92858,28.26163],[-96.93013,28.25346],[-96.93524,28.25137],[-96.94379,28.25064],[-96.95069,28.24477],[-96.95069,28.23525],[-96.95259,28.23221],[-96.96851,28.21996],[-96.9615,28.21074],[-96.94593,28.1965],[-96.94973,28.18602],[-96.96043,28.17901],[-96.96659,28.17244],[-96.9724,28.17306],[-96.96626,28.16487],[-96.96637,28.16162],[-96.97291,28.1547],[-96.97302,28.14674],[-96.97766,28.1393],[-96.97552,28.13259],[-96.97987,28.12984],[-96.9842,28.12966],[-96.98539,28.12808],[-96.98099,28.12704],[-96.97968,28.12536],[-96.98337,28.12494],[-96.98955,28.12756],[-96.99485,28.13551],[-97.00041,28.13761],[-97.00963,28.13469],[-97.0107,28.13563],[-97.00916,28.13909],[-97.02538,28.14963],[-97.02576,28.15102],[-97.02325,28.15178],[-97.02006,28.14995],[-97.01711,28.15058],[-97.00883,28.15826],[-97.01166,28.16089],[-97.0192,28.16318],[-97.01736,28.17168],[-97.0189,28.17649],[-97.01712,28.18089],[-97.01831,28.18351],[-97.01094,28.18508],[-97.00726,28.19053],[-97.00928,28.19734],[-97.0088,28.20268],[-97.01673,28.20333],[-97.03194,28.18871],[-97.04647,28.18498],[-97.07535,28.17461],[-97.09508,28.1657],[-97.11326,28.15648],[-97.128,28.14601],[-97.14594,28.14108],[-97.1539,28.13668],[-97.16412,28.12725],[-97.16918,28.13051],[-97.17566,28.12287],[-97.17594,28.11978],[-97.18575,28.11404],[-97.20691,28.09758],[-97.21772,28.08595],[-97.22283,28.07735],[-97.21998,28.07274],[-97.21522,28.07315],[-97.19991,28.0683],[-97.17898,28.05847],[-97.18017,28.0504],[-97.17803,28.04431],[-97.17197,28.04285],[-97.17066,28.04547],[-97.16757,28.04694],[-97.16187,28.04841],[-97.15878,28.04725],[-97.16068,28.04022],[-97.15414,28.03309],[-97.13893,28.0269],[-97.12895,28.02921],[-97.12194,28.02092],[-97.11992,28.02155],[-97.12265,28.02879],[-97.10851,28.03309],[-97.10589,28.03802],[-97.10874,28.03938],[-97.11088,28.0375],[-97.11243,28.04201],[-97.11766,28.04243],[-97.1261,28.03938],[-97.12871,28.0398],[-97.1274,28.04169],[-97.13525,28.04788],[-97.13263,28.04998],[-97.12205,28.05166],[-97.11742,28.05889],[-97.11183,28.05942],[-97.11207,28.06875],[-97.10756,28.07085],[-97.10304,28.0763],[-97.09959,28.07808],[-97.08616,28.07903],[-97.07416,28.08491],[-97.06858,28.08532],[-97.0542,28.09276],[-97.04695,28.10199],[-97.04707,28.11467],[-97.04873,28.11656],[-97.05289,28.11698],[-97.05336,28.11834],[-97.04089,28.11834],[-97.0296,28.11278],[-97.02496,28.11331],[-97.02056,28.10482],[-97.02912,28.09926],[-97.03245,28.09454],[-97.03685,28.07588],[-97.03542,28.06728],[-97.03292,28.06466],[-97.03316,28.05396],[-97.02586,28.04194],[-97.0252,28.03215],[-97.04374,28.02806],[-97.04876,28.02209],[-97.06443,27.99283],[-97.07213,27.94732],[-97.07593,27.93305],[-97.0786,27.93069],[-97.07508,27.91935],[-97.07679,27.91793],[-97.07869,27.9186],[-97.07755,27.92196],[-97.08059,27.93195],[-97.07888,27.9359],[-97.07917,27.94279],[-97.07679,27.94371],[-97.07745,27.94758],[-97.07384,27.96076],[-97.07489,27.96378],[-97.08202,27.96311],[-97.07898,27.96748],[-97.07974,27.96916],[-97.07489,27.97336],[-97.07489,27.97487],[-97.07964,27.97554],[-97.08718,27.97079],[-97.1209,27.92311],[-97.13136,27.9166],[-97.12993,27.91219],[-97.13136,27.90705],[-97.14134,27.88667],[-97.14443,27.8831],[-97.14764,27.88646],[-97.16231,27.86863],[-97.1906,27.82327],[-97.20104,27.82128],[-97.21106,27.82208],[-97.22166,27.82445],[-97.22489,27.82668],[-97.22738,27.83056],[-97.22298,27.83246],[-97.22042,27.83732],[-97.22507,27.84448],[-97.22085,27.85026],[-97.22951,27.84779],[-97.23465,27.85039],[-97.23855,27.85763],[-97.24105,27.85933],[-97.24592,27.87249],[-97.24944,27.87619],[-97.26357,27.88081],[-97.2737,27.88163],[-97.28877,27.87962],[-97.30875,27.87427],[-97.35004,27.85576],[-97.35495,27.85108],[-97.35913,27.85249],[-97.33071,27.87382],[-97.33778,27.88362],[-97.35322,27.8825],[-97.37795,27.8749],[-97.4022,27.87642],[-97.41836,27.87039],[-97.44236,27.87144],[-97.44823,27.86938],[-97.45212,27.8709],[-97.45866,27.87888],[-97.46099,27.87794],[-97.46162,27.87554],[-97.45686,27.86755],[-97.46043,27.86451],[-97.46292,27.86303],[-97.46825,27.87027],[-97.47038,27.86917],[-97.47088,27.86282],[-97.48122,27.86009],[-97.4855,27.86135],[-97.48096,27.86983],[-97.48309,27.87276],[-97.48574,27.87354],[-97.49324,27.88408],[-97.50512,27.87787],[-97.50681,27.87839],[-97.50873,27.8742],[-97.51297,27.87145],[-97.51662,27.87142],[-97.52074,27.86075],[-97.5151,27.85117],[-97.50797,27.85191],[-97.49741,27.84945],[-97.49026,27.84538],[-97.48788,27.84286],[-97.49097,27.83918],[-97.48859,27.83361],[-97.48087,27.82731],[-97.47207,27.82415],[-97.46292,27.82342],[-97.45258,27.82562],[-97.44462,27.83214],[-97.43559,27.83235],[-97.42917,27.82836],[-97.42088,27.82572],[-97.41919,27.823],[-97.41669,27.82216],[-97.4098,27.8334],[-97.39542,27.83718],[-97.39209,27.83666],[-97.38782,27.84013],[-97.37886,27.83592],[-97.37855,27.83246],[-97.39228,27.81353],[-97.39491,27.81201],[-97.39269,27.8107],[-97.39114,27.8005],[-97.39329,27.78291],[-97.38865,27.77149],[-97.3776,27.76076],[-97.37522,27.7494],[-97.36836,27.74168],[-97.36108,27.73489],[-97.34884,27.72837],[-97.34368,27.72402],[-97.31645,27.71268],[-97.29144,27.70564],[-97.28038,27.70459],[-97.25396,27.6967],[-97.25305,27.69754],[-97.24485,27.69291],[-97.24354,27.68923],[-97.25377,27.6928],[-97.25597,27.69174],[-97.26066,27.68018],[-97.26921,27.67744],[-97.26762,27.67528],[-97.29928,27.60596],[-97.29821,27.59743],[-97.29405,27.5941],[-97.29464,27.59269],[-97.32219,27.56906],[-97.33498,27.53266],[-97.34473,27.51302],[-97.34991,27.49122],[-97.34907,27.48384],[-97.35109,27.48183],[-97.35054,27.47858],[-97.35692,27.47192],[-97.35822,27.46486],[-97.36755,27.44333],[-97.36963,27.42446],[-97.36833,27.41782],[-97.3694,27.41043],[-97.38342,27.38353],[-97.405,27.32998],[-97.41444,27.32157],[-97.42097,27.3184],[-97.43476,27.31369],[-97.4508,27.31369],[-97.48286,27.29791],[-97.5083,27.27501],[-97.51332,27.27823],[-97.52151,27.27986],[-97.53222,27.27858],[-97.54444,27.28418],[-97.54698,27.29079],[-97.54373,27.29105],[-97.54041,27.28693],[-97.53399,27.28704],[-97.52922,27.29021],[-97.52591,27.29063],[-97.52459,27.29791],[-97.51806,27.30214],[-97.51746,27.30504],[-97.50474,27.30504],[-97.5006,27.30657],[-97.49727,27.3109],[-97.49667,27.31661],[-97.50271,27.32234],[-97.50321,27.32452],[-97.50119,27.32822],[-97.49914,27.32794],[-97.48146,27.34047],[-97.48277,27.34469],[-97.48158,27.34691],[-97.48776,27.35229],[-97.48229,27.36084],[-97.48503,27.36548],[-97.47885,27.37213],[-97.47956,27.37403],[-97.48503,27.37646],[-97.48693,27.38712],[-97.49358,27.3906],[-97.49869,27.38237],[-97.49786,27.37224],[-97.50963,27.36812],[-97.51126,27.36279],[-97.51441,27.36153],[-97.52769,27.34954],[-97.53373,27.34004],[-97.53672,27.3393],[-97.56683,27.31821],[-97.57701,27.31386],[-97.60725,27.28698],[-97.61302,27.28524],[-97.62146,27.28862],[-97.62585,27.29306],[-97.62633,27.2957],[-97.635,27.29865],[-97.6369,27.30098],[-97.63203,27.30436],[-97.62966,27.309],[-97.63476,27.3127],[-97.63215,27.31513],[-97.63322,27.32463],[-97.6514,27.32463],[-97.65842,27.3297],[-97.65937,27.3355],[-97.66816,27.34574],[-97.66222,27.35503],[-97.66032,27.35546],[-97.66127,27.3601],[-97.6684,27.364],[-97.67588,27.36548],[-97.67802,27.36833],[-97.67683,27.37034],[-97.67767,27.37319],[-97.68385,27.37899],[-97.69656,27.38163],[-97.70286,27.38522],[-97.7088,27.38564],[-97.71284,27.38184],[-97.71166,27.37677],[-97.70536,27.37107],[-97.70369,27.36337],[-97.69668,27.35672],[-97.69632,27.35113],[-97.69062,27.34068],[-97.69205,27.33371],[-97.68373,27.32579],[-97.68634,27.32273],[-97.68444,27.31988],[-97.67612,27.31682],[-97.67505,27.3109],[-97.65488,27.3051],[-97.65889,27.29865],[-97.65773,27.29606],[-97.66368,27.28642],[-97.67593,27.283],[-97.68714,27.28248],[-97.70044,27.27522],[-97.71152,27.2776],[-97.72529,27.26931],[-97.72938,27.27252],[-97.74011,27.27325],[-97.74011,27.26754],[-97.73615,27.26443],[-97.72774,27.26163],[-97.72144,27.2635],[-97.70977,27.26277],[-97.70184,27.26474],[-97.69986,27.26837],[-97.69449,27.26702],[-97.68293,27.26837],[-97.66788,27.27283],[-97.65808,27.27345],[-97.64734,27.27636],[-97.64011,27.27094],[-97.63988,27.25406],[-97.63521,27.24534],[-97.63112,27.24223],[-97.59693,27.24306],[-97.57395,27.23888],[-97.55663,27.23188],[-97.54291,27.22921],[-97.5296,27.22916],[-97.52001,27.23125],[-97.50983,27.23532],[-97.50322,27.2399],[-97.50016,27.24448],[-97.48872,27.24933],[-97.46708,27.25364],[-97.46542,27.25592],[-97.4527,27.26236],[-97.43823,27.26381],[-97.42259,27.26204],[-97.4223,27.25771],[-97.43477,27.20224],[-97.44156,27.16383],[-97.43286,27.16252],[-97.43099,27.16086],[-97.43438,27.14508],[-97.4394,27.07652],[-97.41816,27.07226],[-97.41792,27.07091],[-97.43916,27.07071],[-97.44406,26.98723],[-97.4415,26.98484],[-97.44196,26.98058],[-97.445,26.97975],[-97.45328,26.91733],[-97.45142,26.91411],[-97.43893,26.91411],[-97.4373,26.91307],[-97.43846,26.91099],[-97.45165,26.91151],[-97.45317,26.91047],[-97.4569,26.88258],[-97.41769,26.87904],[-97.41244,26.8781],[-97.41022,26.87435],[-97.41209,26.87113],[-97.45422,26.87435],[-97.4576,26.8729],[-97.46028,26.84729],[-97.44675,26.83375],[-97.42248,26.82469],[-97.41396,26.81969],[-97.41267,26.8174],[-97.41384,26.81511],[-97.41781,26.8149],[-97.44068,26.82448],[-97.4471,26.8223],[-97.46481,26.82396],[-97.46647,26.8097],[-97.4786,26.80667],[-97.46861,26.74091],[-97.46695,26.72219],[-97.46873,26.71975],[-97.4654,26.7136],[-97.46825,26.7119],[-97.46814,26.7102],[-97.46504,26.70595],[-97.46469,26.69417],[-97.46072,26.68781],[-97.45638,26.67264],[-97.45661,26.6672],[-97.44494,26.63353],[-97.44698,26.62492],[-97.44571,26.60936],[-97.43355,26.58964]]],[[[-97.27188,26.55994],[-97.21789,26.38726],[-97.19287,26.29],[-97.17897,26.2193],[-97.16102,26.09114],[-97.15371,26.06758],[-97.16019,26.06994],[-97.16276,26.06712],[-97.16932,26.07771],[-97.17027,26.0848],[-97.16694,26.09283],[-97.17378,26.11468],[-97.17207,26.11793],[-97.17274,26.12365],[-97.17493,26.12587],[-97.17445,26.12919],[-97.17816,26.135],[-97.1792,26.14533],[-97.18244,26.14831],[-97.18101,26.15958],[-97.18225,26.1629],[-97.17901,26.17439],[-97.17901,26.18079],[-97.18887,26.23261],[-97.19386,26.2438],[-97.19731,26.27801],[-97.20123,26.28675],[-97.20242,26.29847],[-97.21228,26.33649],[-97.22548,26.3629],[-97.21953,26.36961],[-97.22203,26.37707],[-97.23629,26.40368],[-97.24151,26.40833],[-97.23777,26.41857],[-97.24372,26.42533],[-97.24306,26.43199],[-97.24699,26.44072],[-97.24404,26.44802],[-97.25313,26.48016],[-97.25807,26.48781],[-97.25611,26.49726],[-97.25714,26.50029],[-97.26065,26.50094],[-97.26251,26.507],[-97.26976,26.5079],[-97.27563,26.52485],[-97.28252,26.53613],[-97.28603,26.54716],[-97.30366,26.55361],[-97.30824,26.55761],[-97.32289,26.55717],[-97.32656,26.55879],[-97.32591,26.56081],[-97.27657,26.56168],[-97.27188,26.55994]]],[[[-97.30902,26.60404],[-97.31211,26.61616],[-97.32898,26.64675],[-97.331,26.6595],[-97.33588,26.66874],[-97.35703,26.72543],[-97.35929,26.73817],[-97.36713,26.75621],[-97.36511,26.7613],[-97.37498,26.7735],[-97.37997,26.7874],[-97.38139,26.79971],[-97.3909,26.81636],[-97.38876,26.83927],[-97.39839,26.86789],[-97.39138,26.8839],[-97.39411,26.91538],[-97.39007,26.95002],[-97.38686,26.95723],[-97.39352,26.97131],[-97.39066,26.98847],[-97.38948,27.01716],[-97.39054,27.04564],[-97.38864,27.07887],[-97.38591,27.08469],[-97.38936,27.09337],[-97.38912,27.10172],[-97.3945,27.12397],[-97.38999,27.12947],[-97.3901,27.15157],[-97.38713,27.16553],[-97.38725,27.17462],[-97.38202,27.19333],[-97.38654,27.19714],[-97.38987,27.20496],[-97.37929,27.20961],[-97.37965,27.22673],[-97.3825,27.24617],[-97.37038,27.24976],[-97.36123,27.27258],[-97.37085,27.27871],[-97.36883,27.28124],[-97.3718,27.29402],[-97.37097,27.29878],[-97.36253,27.3049],[-97.35742,27.30554],[-97.356,27.3087],[-97.36265,27.32127],[-97.36206,27.32686],[-97.36634,27.33056],[-97.36396,27.3465],[-97.3617,27.34988],[-97.36182,27.35906],[-97.35897,27.36655],[-97.35314,27.37383],[-97.3472,27.38819],[-97.33627,27.40275],[-97.33076,27.41802],[-97.33045,27.4345],[-97.31963,27.45876],[-97.31417,27.46656],[-97.31274,27.47236],[-97.30751,27.48111],[-97.30145,27.4848],[-97.29784,27.49235],[-97.30425,27.50732],[-97.26563,27.58034],[-97.24008,27.63331],[-97.23628,27.63763],[-97.23461,27.63605],[-97.23521,27.63447],[-97.23105,27.63289],[-97.22879,27.63415],[-97.22071,27.63342],[-97.21429,27.62447],[-97.21073,27.62415],[-97.20954,27.62773],[-97.21548,27.6392],[-97.21548,27.64436],[-97.21382,27.64521],[-97.20348,27.64236],[-97.20122,27.64605],[-97.20098,27.64878],[-97.20384,27.651],[-97.20158,27.65573],[-97.19706,27.65573],[-97.19813,27.67278],[-97.19682,27.68436],[-97.18993,27.69257],[-97.18411,27.69573],[-97.1689,27.72224],[-97.15951,27.74528],[-97.15868,27.75253],[-97.15238,27.76147],[-97.15119,27.76862],[-97.1456,27.77241],[-97.13289,27.77556],[-97.12528,27.77924],[-97.12148,27.78513],[-97.1197,27.81015],[-97.12124,27.81572],[-97.13134,27.82266],[-97.13526,27.82329],[-97.13538,27.82455],[-97.12766,27.82812],[-97.08583,27.83537],[-97.07525,27.83947],[-97.05683,27.84199],[-97.04485,27.83447],[-97.05572,27.82515],[-97.09757,27.77733],[-97.15413,27.69687],[-97.19916,27.62226],[-97.27507,27.47542],[-97.30364,27.40914],[-97.32491,27.35252],[-97.34742,27.27855],[-97.36099,27.22324],[-97.37055,27.16562],[-97.37827,27.07541],[-97.3781,26.99079],[-97.37086,26.91086],[-97.35672,26.83242],[-97.33757,26.7533],[-97.31216,26.66625],[-97.28482,26.58515],[-97.27765,26.56843],[-97.27877,26.56464],[-97.3083,26.56457],[-97.31005,26.56651],[-97.3099,26.57025],[-97.29343,26.57054],[-97.28686,26.57618],[-97.28749,26.58343],[-97.30312,26.5933],[-97.30902,26.60404]]],[[[-97.41265,26.75186],[-97.41538,26.74072],[-97.41764,26.73997],[-97.42311,26.74071],[-97.42346,26.75218],[-97.41455,26.75292],[-97.41265,26.75186]]],[[[-97.39911,27.30911],[-97.4035,27.29126],[-97.40564,27.2902],[-97.40208,27.31048],[-97.40053,27.3109],[-97.39911,27.30911]]],[[[-97.39958,27.32452],[-97.406,27.31354],[-97.40659,27.31565],[-97.40065,27.32547],[-97.39958,27.32452]]],[[[-97.30556,27.49488],[-97.30378,27.49446],[-97.30509,27.4915],[-97.31293,27.48655],[-97.31673,27.47791],[-97.3197,27.4778],[-97.31352,27.49045],[-97.30794,27.49161],[-97.30556,27.49488]]],[[[-97.31127,27.507],[-97.31008,27.50595],[-97.31079,27.50373],[-97.31745,27.49382],[-97.31388,27.50542],[-97.31127,27.507]]],[[[-97.23152,27.64089],[-97.23461,27.64107],[-97.22808,27.67389],[-97.23238,27.68265],[-97.23753,27.68283],[-97.24217,27.67114],[-97.24355,27.67114],[-97.2463,27.67595],[-97.24647,27.68248],[-97.23737,27.68695],[-97.22276,27.68592],[-97.21554,27.68283],[-97.22086,27.67561],[-97.23152,27.64089]]],[[[-97.23388,27.82891],[-97.24005,27.83357],[-97.23856,27.83602],[-97.2343,27.83582],[-97.23,27.83151],[-97.231,27.82892],[-97.23388,27.82891]]],[[[-97.24526,27.86041],[-97.24544,27.85607],[-97.23914,27.84322],[-97.239,27.8398],[-97.24509,27.84097],[-97.25808,27.86604],[-97.26732,27.869],[-97.26828,27.87274],[-97.26081,27.87416],[-97.25221,27.87122],[-97.24732,27.86111],[-97.24526,27.86041]]],[[[-97.25169,26.41522],[-97.25489,26.41522],[-97.25644,26.41831],[-97.2581,26.42544],[-97.25596,26.42704],[-97.2524,26.4265],[-97.25109,26.42416],[-97.25169,26.41522]]],[[[-97.16866,27.7641],[-97.16486,27.76399],[-97.16486,27.76294],[-97.16854,27.75842],[-97.16842,27.75442],[-97.1727,27.75295],[-97.1746,27.7539],[-97.17353,27.75874],[-97.16866,27.7641]]],[[[-97.19636,27.81396],[-97.2073,27.80734],[-97.21467,27.80734],[-97.22049,27.80921],[-97.20409,27.81385],[-97.19636,27.81396]]],[[[-97.17747,27.81753],[-97.17747,27.81459],[-97.18555,27.8128],[-97.19292,27.81532],[-97.17985,27.81827],[-97.17747,27.81753]]],[[[-97.14288,27.82042],[-97.14509,27.81657],[-97.14766,27.8161],[-97.15142,27.8171],[-97.15119,27.81959],[-97.1541,27.81992],[-97.1575,27.8169],[-97.16059,27.81638],[-97.16404,27.81806],[-97.16408,27.82061],[-97.15634,27.82167],[-97.14288,27.82042]]],[[[-97.14336,27.84948],[-97.14122,27.85316],[-97.13873,27.85578],[-97.13694,27.85379],[-97.13742,27.84937],[-97.14336,27.84948]]],[[[-97.1028,27.8791],[-97.10138,27.88319],[-97.08997,27.87553],[-97.08319,27.88361],[-97.08177,27.88824],[-97.08474,27.89107],[-97.08082,27.89401],[-97.07464,27.89485],[-97.07369,27.89895],[-97.06605,27.90622],[-97.06549,27.90958],[-97.07866,27.91562],[-97.07892,27.91701],[-97.06953,27.91502],[-97.06121,27.91008],[-97.0536,27.90231],[-97.04956,27.87857],[-97.05218,27.86796],[-97.05895,27.85472],[-97.06466,27.85052],[-97.06097,27.84632],[-97.0763,27.84285],[-97.08177,27.84464],[-97.08783,27.84159],[-97.10625,27.83938],[-97.12693,27.83791],[-97.1299,27.83949],[-97.12705,27.84106],[-97.11397,27.86407],[-97.1028,27.8791]]],[[[-97.14158,27.87953],[-97.14538,27.87659],[-97.15049,27.8749],[-97.14467,27.88089],[-97.14206,27.8811],[-97.14158,27.87953]]],[[[-97.11021,27.88919],[-97.11829,27.88562],[-97.11829,27.89066],[-97.12958,27.89339],[-97.13195,27.89444],[-97.13172,27.89602],[-97.11021,27.89066],[-97.11021,27.88919]]],[[[-97.09805,27.90388],[-97.10898,27.89202],[-97.11172,27.89307],[-97.10292,27.90336],[-97.09805,27.90388]]],[[[-97.12732,27.90012],[-97.1297,27.89749],[-97.13255,27.89885],[-97.12886,27.90505],[-97.12708,27.904],[-97.12732,27.90012]]],[[[-97.12574,27.90746],[-97.12716,27.90809],[-97.12502,27.91292],[-97.12301,27.9126],[-97.12265,27.91008],[-97.12574,27.90746]]],[[[-97.0431,27.87925],[-97.04572,27.88997],[-97.03966,27.89427],[-97.03586,27.90887],[-97.03301,27.91276],[-97.02314,27.91475],[-97.01756,27.92043],[-97.0091,27.924],[-96.99703,27.94038],[-96.99978,27.9423],[-97.01128,27.94349],[-97.019,27.94242],[-97.02925,27.93646],[-97.03074,27.93955],[-97.03482,27.93906],[-97.03575,27.94043],[-97.02927,27.9437],[-97.00175,27.94846],[-96.98998,27.94913],[-96.98543,27.95504],[-96.98416,27.96315],[-96.9863,27.97543],[-96.9844,27.98435],[-96.96776,28.01751],[-96.95612,28.03042],[-96.95172,28.03996],[-96.94618,28.04493],[-96.94709,28.05349],[-96.93877,28.05181],[-96.93366,28.05601],[-96.93188,28.07226],[-96.92546,28.08841],[-96.91987,28.09355],[-96.90573,28.10068],[-96.88054,28.10602],[-96.88018,28.10896],[-96.88446,28.11126],[-96.88814,28.11063],[-96.89694,28.11472],[-96.88731,28.11629],[-96.87923,28.12772],[-96.88006,28.13107],[-96.87388,28.13348],[-96.86318,28.12468],[-96.85544,28.1206],[-96.85654,28.11516],[-96.85158,28.11594],[-96.84845,28.11084],[-96.84411,28.1084],[-96.83218,28.11357],[-96.8302,28.11088],[-96.83086,28.108],[-96.83774,28.09949],[-96.83765,28.09467],[-96.84408,28.08435],[-96.84713,28.0706],[-96.85369,28.0639],[-96.85305,28.06085],[-96.92755,27.99162],[-96.99141,27.92258],[-97.02524,27.87977],[-97.03777,27.85899],[-97.04608,27.83954],[-97.05523,27.84732],[-97.05606,27.84973],[-97.04513,27.86885],[-97.0431,27.87925]]],[[[-96.8229,28.16743],[-96.81946,28.16807],[-96.82033,28.16342],[-96.8229,28.16743]]]]}},{"type":"Feature","properties":{"weather_zone":"WEST"},"geometry":{"type":"Polygon","coordinates":[[[-100.79491,29.24246],[-100.79767,29.24694],[-100.80205,29.24995],[-100.81667,29.25448],[-100.81351,29.26066],[-100.81478,29.26372],[-100.81699,29.26433],[-100.82353,29.26174],[-100.83404,29.2614],[-100.83902,29.26326],[-100.84866,29.27142],[-100.85356,29.27282],[-100.85647,29.27566],[-100.86466,29.27608],[-100.87813,29.28086],[-100.88205,29.29904],[-100.88684,29.30785],[-100.89493,29.31035],[-100.89665,29.30911],[-100.90484,29.31201],[-100.90839,29.31693],[-100.91663,29.3192],[-100.9195,29.32532],[-100.9285,29.32698],[-100.94062,29.33311],[-100.9432,29.34199],[-100.94897,29.34725],[-100.96432,29.34734],[-100.97174,29.35137],[-100.97292,29.35455],[-100.99561,29.3634],[-101.00421,29.36477],[-101.01061,29.36867],[-101.01427,29.37412],[-101.01314,29.37934],[-101.01673,29.38727],[-101.01958,29.39134],[-101.02402,29.3937],[-101.0366,29.40611],[-101.0386,29.41071],[-101.03764,29.41468],[-101.04336,29.42988],[-101.05696,29.44077],[-101.05684,29.4476],[-101.05821,29.44777],[-101.06015,29.45866],[-101.07718,29.46419],[-101.08715,29.46941],[-101.1037,29.47055],[-101.11525,29.46846],[-101.13004,29.47842],[-101.1375,29.47354],[-101.14434,29.47325],[-101.15188,29.477],[-101.16218,29.48992],[-101.16799,29.50043],[-101.17166,29.50395],[-101.17382,29.51457],[-101.17999,29.51533],[-101.19272,29.52028],[-101.22742,29.52235],[-101.23528,29.52485],[-101.2549,29.52034],[-101.26084,29.52993],[-101.26118,29.53678],[-101.25038,29.55662],[-101.24115,29.56543],[-101.2523,29.60417],[-101.24742,29.61816],[-101.25038,29.62417],[-101.26282,29.63079],[-101.26922,29.63003],[-101.27771,29.62103],[-101.28049,29.61483],[-101.27756,29.6071],[-101.27788,29.59085],[-101.28508,29.58224],[-101.29096,29.57154],[-101.30553,29.57792],[-101.31177,29.58547],[-101.31309,29.61104],[-101.30133,29.63503],[-101.30008,29.6405],[-101.30237,29.64999],[-101.30658,29.6554],[-101.31497,29.65913],[-101.34549,29.6622],[-101.35033,29.66066],[-101.35714,29.64927],[-101.36131,29.65006],[-101.36322,29.65264],[-101.3671,29.6709],[-101.37255,29.67785],[-101.37277,29.69943],[-101.3881,29.70747],[-101.39695,29.71395],[-101.39836,29.717],[-101.39629,29.72705],[-101.39701,29.73396],[-101.40064,29.73808],[-101.41002,29.7415],[-101.41558,29.74653],[-101.41482,29.7527],[-101.40016,29.76008],[-101.39865,29.76745],[-101.40307,29.77144],[-101.4098,29.77062],[-101.43557,29.75245],[-101.44548,29.7494],[-101.44888,29.7507],[-101.45044,29.7533],[-101.45522,29.77187],[-101.45249,29.78282],[-101.45568,29.78792],[-101.46164,29.78983],[-101.47886,29.78408],[-101.48598,29.77487],[-101.50322,29.76458],[-101.51932,29.7646],[-101.53157,29.75927],[-101.53585,29.75893],[-101.53919,29.76177],[-101.5381,29.78642],[-101.53501,29.79768],[-101.5419,29.81078],[-101.54439,29.81186],[-101.54799,29.81005],[-101.55248,29.80423],[-101.56775,29.79873],[-101.57379,29.78899],[-101.5724,29.77306],[-101.57494,29.76985],[-101.57704,29.76912],[-101.60368,29.7744],[-101.61791,29.76993],[-101.62596,29.77106],[-101.63032,29.76873],[-101.63265,29.76137],[-101.63513,29.75868],[-101.64288,29.75455],[-101.64642,29.7543],[-101.64958,29.75617],[-101.6524,29.7588],[-101.65458,29.76516],[-101.65862,29.7667],[-101.66245,29.77128],[-101.67173,29.76819],[-101.67496,29.76497],[-101.6753,29.76108],[-101.6778,29.76029],[-101.68144,29.76078],[-101.68731,29.76959],[-101.68999,29.77121],[-101.69936,29.76536],[-101.70887,29.76164],[-101.71206,29.76278],[-101.71871,29.77474],[-101.72106,29.77608],[-101.7238,29.77643],[-101.72984,29.77184],[-101.7352,29.77159],[-101.73923,29.77353],[-101.74246,29.77873],[-101.75432,29.77766],[-101.76092,29.78186],[-101.7584,30.28804],[-100.96064,30.28778],[-100.9605,30.85976],[-100.96218,31.08249],[-101.2748,31.07938],[-101.26847,31.47447],[-101.26422,32.08714],[-101.184,32.08721],[-101.17461,32.49525],[-101.17338,32.9636],[-101.03866,32.97022],[-101.02381,32.96997],[-100.99018,32.96502],[-100.14422,32.95998],[-99.612,32.95696],[-99.61203,32.51465],[-99.62958,32.51466],[-99.63141,32.08127],[-99.50035,32.07987],[-99.19587,32.07923],[-99.20341,31.75822],[-99.20277,31.46723],[-99.19564,31.47355],[-99.18856,31.47034],[-99.18463,31.46042],[-99.1841,31.45373],[-99.17773,31.45618],[-99.17176,31.46285],[-99.15946,31.4682],[-99.15367,31.46795],[-99.15087,31.46569],[-99.14337,31.46716],[-99.13607,31.46597],[-99.13321,31.46481],[-99.12508,31.4565],[-99.11883,31.46115],[-99.12021,31.46688],[-99.11615,31.46824],[-99.10812,31.46505],[-99.10911,31.45598],[-99.09794,31.44819],[-99.09556,31.44847],[-99.09442,31.45025],[-99.09695,31.45555],[-99.09602,31.45743],[-99.09062,31.46093],[-99.08776,31.46068],[-99.08658,31.45824],[-99.08836,31.45694],[-99.08581,31.45589],[-99.08523,31.45785],[-99.07554,31.46325],[-99.07262,31.46708],[-99.063,31.46272],[-99.06016,31.46496],[-99.06228,31.47071],[-99.05533,31.47445],[-99.04982,31.4851],[-99.04174,31.4903],[-99.03431,31.48753],[-99.02174,31.4751],[-99.01901,31.4696],[-99.01064,31.47125],[-99.0061,31.48027],[-98.99739,31.48124],[-98.99019,31.48391],[-98.98743,31.48208],[-98.98694,31.47893],[-98.9944,31.47225],[-98.99495,31.46636],[-98.98539,31.4618],[-98.97823,31.45625],[-98.96502,31.4533],[-98.96359,31.44625],[-98.96686,31.44432],[-98.96688,31.43555],[-98.96367,31.43489],[-98.95298,31.44731],[-98.95543,31.45239],[-98.95336,31.45469],[-98.94626,31.45832],[-98.93983,31.45825],[-98.93591,31.45593],[-98.93319,31.43693],[-98.92519,31.43399],[-98.91885,31.43583],[-98.91049,31.43414],[-98.90487,31.43617],[-98.89585,31.43357],[-98.88545,31.44291],[-98.8725,31.4443],[-98.85929,31.43496],[-98.85246,31.42041],[-98.8549,31.41417],[-98.84712,31.41068],[-98.82994,31.41033],[-98.81898,31.41645],[-98.81564,31.41694],[-98.81422,31.41366],[-98.81686,31.40693],[-98.81332,31.40471],[-98.80499,31.40694],[-98.79941,31.4106],[-98.78915,31.40748],[-98.77889,31.41352],[-98.774,31.41243],[-98.77323,31.40688],[-98.77562,31.38759],[-98.77948,31.37916],[-98.77649,31.37728],[-98.7717,31.38079],[-98.76751,31.37599],[-98.76372,31.37522],[-98.75138,31.38785],[-98.75538,31.39593],[-98.75567,31.40044],[-98.7511,31.40361],[-98.74227,31.40527],[-98.73876,31.41137],[-98.73715,31.42063],[-98.74282,31.42814],[-98.73811,31.43036],[-98.72609,31.42828],[-98.7244,31.42717],[-98.7243,31.4227],[-98.72558,31.41581],[-98.72874,31.41441],[-98.72885,31.41187],[-98.72384,31.40727],[-98.71812,31.40403],[-98.70643,31.40756],[-98.69663,31.40729],[-98.69547,31.40556],[-98.69589,31.39426],[-98.69303,31.38743],[-98.69952,31.38479],[-98.70435,31.38019],[-98.7051,31.36926],[-98.7028,31.36544],[-98.70305,31.36098],[-98.70616,31.35591],[-98.71254,31.35556],[-98.71313,31.34883],[-98.71194,31.34691],[-98.70637,31.3468],[-98.7027,31.33915],[-98.69875,31.33875],[-98.69045,31.3439],[-98.68277,31.34616],[-98.67713,31.3519],[-98.67086,31.35389],[-98.67035,31.36019],[-98.66768,31.36308],[-98.66336,31.36394],[-98.65348,31.37004],[-98.65012,31.36687],[-98.65461,31.35849],[-98.65127,31.357],[-98.64722,31.35993],[-98.63639,31.35252],[-98.63838,31.34655],[-98.64186,31.34597],[-98.64697,31.34068],[-98.6449,31.33544],[-98.63972,31.33187],[-98.64427,31.32591],[-98.64853,31.32347],[-98.6491,31.31759],[-98.64763,31.31486],[-98.64392,31.31407],[-98.63188,31.32563],[-98.62283,31.32549],[-98.61914,31.32436],[-98.61811,31.32237],[-98.63093,31.31534],[-98.63039,31.31015],[-98.62389,31.30937],[-98.60685,31.31215],[-98.5973,31.31872],[-98.59441,31.32635],[-98.59231,31.32694],[-98.58704,31.32517],[-98.58666,31.31943],[-98.59045,31.31729],[-98.59628,31.30583],[-98.59892,31.28636],[-98.61382,31.2816],[-98.62214,31.28509],[-98.62693,31.28118],[-98.62822,31.27388],[-98.62563,31.2698],[-98.6059,31.26053],[-98.59565,31.25306],[-98.59392,31.25492],[-98.59464,31.26115],[-98.59279,31.26607],[-98.58854,31.26759],[-98.57981,31.26539],[-98.57514,31.25415],[-98.56843,31.24481],[-98.56524,31.24263],[-98.56273,31.23044],[-98.26679,31.41052],[-98.27107,31.4164],[-98.18001,31.46372],[-97.9071,31.06937],[-97.91385,31.06588],[-97.91169,31.03501],[-98.43971,31.02965],[-98.43953,31.02512],[-98.44233,31.02048],[-98.45874,31.01155],[-98.45855,31.00618],[-98.44618,30.9929],[-98.44187,30.98432],[-98.44323,30.97974],[-98.4529,30.96873],[-98.4528,30.9644],[-98.4471,30.95176],[-98.44198,30.94965],[-98.42469,30.94838],[-98.41603,30.94485],[-98.41451,30.94211],[-98.41714,30.92955],[-98.41961,30.92535],[-98.42233,30.92426],[-98.42921,30.92644],[-98.4402,30.92652],[-98.44578,30.92144],[-98.44917,30.90703],[-98.44875,30.89033],[-98.45644,30.88309],[-98.45635,30.87645],[-98.45079,30.87144],[-98.43411,30.87013],[-98.42236,30.86419],[-98.41935,30.85912],[-98.42159,30.835],[-98.41247,30.83511],[-98.40885,30.83656],[-98.40498,30.84382],[-98.40138,30.844],[-98.39365,30.84296],[-98.38137,30.8382],[-98.37688,30.83489],[-98.3776,30.82951],[-98.38763,30.81935],[-98.40334,30.81794],[-98.40816,30.80901],[-98.40972,30.79913],[-98.41255,30.79499],[-98.42504,30.79566],[-98.432,30.79044],[-98.4321,30.78631],[-98.42271,30.77605],[-98.42289,30.77305],[-98.42923,30.76381],[-98.43029,30.75778],[-98.42663,30.75153],[-98.42405,30.75051],[-98.4145,30.75196],[-98.40685,30.75149],[-98.40016,30.75022],[-98.39141,30.74603],[-98.37956,30.74737],[-98.37524,30.74657],[-98.37163,30.74292],[-98.3719,30.74048],[-98.38552,30.73033],[-98.39265,30.72123],[-98.40415,30.72108],[-98.40771,30.71654],[-98.41045,30.70789],[-98.41396,30.70439],[-98.414,30.70183],[-98.40546,30.69023],[-98.40218,30.68079],[-98.40292,30.67736],[-98.40778,30.67502],[-98.41343,30.67591],[-98.42481,30.67418],[-98.43012,30.67514],[-98.439,30.67328],[-98.44176,30.66635],[-98.43909,30.66251],[-98.42951,30.66181],[-98.42835,30.66073],[-98.4289,30.65501],[-98.41859,30.64593],[-98.4171,30.63871],[-98.41844,30.63301],[-98.4176,30.62727],[-98.41055,30.61376],[-98.40074,30.59978],[-98.4007,30.59464],[-98.4137,30.58592],[-98.41115,30.57464],[-98.40817,30.56967],[-98.4029,30.56397],[-98.39991,30.5636],[-98.37595,30.57389],[-98.37031,30.57444],[-98.36429,30.57159],[-98.35206,30.55847],[-98.35104,30.4861],[-98.41146,30.50209],[-98.59167,30.49988],[-98.5879,30.13895],[-98.92015,30.13829],[-98.92041,29.95292],[-98.91772,29.7814],[-99.10717,29.86584],[-99.17699,29.89506],[-99.27864,29.90418],[-99.60278,29.90768],[-99.60313,29.62718],[-99.41182,29.62751],[-99.41388,29.09134],[-100.25035,29.08522],[-100.66752,29.08429],[-100.67466,29.09978],[-100.68447,29.11066],[-100.69233,29.11523],[-100.70997,29.11968],[-100.72746,29.12912],[-100.7378,29.13908],[-100.73912,29.14166],[-100.73759,29.14741],[-100.73968,29.15049],[-100.74614,29.15415],[-100.75973,29.15715],[-100.76285,29.15968],[-100.7636,29.16473],[-100.77265,29.16849],[-100.7759,29.17334],[-100.76603,29.18585],[-100.76706,29.19529],[-100.76934,29.19891],[-100.77529,29.1997],[-100.77625,29.20093],[-100.77702,29.20433],[-100.77504,29.21164],[-100.7845,29.22688],[-100.78633,29.2285],[-100.79137,29.22595],[-100.79568,29.22773],[-100.79705,29.23559],[-100.79491,29.24246]]]}}]}